Inno Setup 6 Command-Line Compiler
Copyright (C) 1997-2026 Jordan Russell. All rights reserved.
Portions Copyright (C) 2000-2026 Martijn Laan. All rights reserved.
Portions Copyright (C) 2001-2004 Alex Yackimoff. All rights reserved.
https://www.innosetup.com

Compiler engine version: Inno Setup 6.7.3
Non-commercial use only

Preprocessing
   Reading file: C:\Users\toshr\AppData\Local\Programs\Inno Setup 6\ISPPBuiltins.iss
Parsing [Setup] section, line 18
Parsing [Setup] section, line 19
Parsing [Setup] section, line 20
Parsing [Setup] section, line 21
Parsing [Setup] section, line 22
Parsing [Setup] section, line 23
Parsing [Setup] section, line 24
Parsing [Setup] section, line 26
Parsing [Setup] section, line 27
Parsing [Setup] section, line 28
Parsing [Setup] section, line 29
Parsing [Setup] section, line 30
Parsing [Setup] section, line 31
Parsing [Setup] section, line 32
Parsing [Setup] section, line 33
Parsing [Setup] section, line 35
Reading file (WizardImageFile)
Reading file (WizardSmallImageFile)
Preparing Setup program executable
   Verification successful
   Updating icons (Setup.e32)
   Updating version info (Setup.e32)
Determining language code pages
Parsing [Languages] section, line 38
   Reading file: C:\Users\toshr\AppData\Local\Programs\Inno Setup 6\Default.isl
Parsing [Languages] section, line 39
   Reading file: C:\Users\toshr\AppData\Local\Programs\Inno Setup 6\Languages\French.isl
   Messages in script file
Reading default messages from Default.isl
Parsing [Languages] section, line 38
   Reading file: C:\Users\toshr\AppData\Local\Programs\Inno Setup 6\Default.isl
Parsing [Languages] section, line 39
   Reading file: C:\Users\toshr\AppData\Local\Programs\Inno Setup 6\Languages\French.isl
Parsing [LangOptions], [Messages], and [CustomMessages] sections
   Messages in script file
Reading [Code] section
Parsing [Tasks] section, line 53
Parsing [Icons] section, line 47
Parsing [Icons] section, line 48
Parsing [Icons] section, line 50
Parsing [UninstallDelete] section, line 61
Parsing [Run] section, line 57
Parsing [Files] section, line 43
Creating setup files
   Verification successful
   Updating icons (Setup.exe)
   Compressing: C:\tmp\theoverify\dist\THEOLOGICUS\THEOLOGICUS.exe
   Compressing: C:\tmp\theoverify\dist\THEOLOGICUS\THEOLOGICUS.html
   Compressing: C:\tmp\theoverify\dist\THEOLOGICUS\THEOLOGICUS.ico
   Compressing: C:\tmp\theoverify\dist\THEOLOGICUS\theologicus_keys.json
   Compressing: C:\tmp\theoverify\dist\THEOLOGICUS\version.txt
   Compressing: C:\tmp\theoverify\dist\THEOLOGICUS\bible\b1.js
   Compressing: C:\tmp\theoverify\dist\THEOLOGICUS\bible\b10.js
   Compressing: C:\tmp\theoverify\dist\THEOLOGICUS\bible\b11.js
   Compressing: C:\tmp\theoverify\dist\THEOLOGICUS\bible\b12.js
   Compressing: C:\tmp\theoverify\dist\THEOLOGICUS\bible\b13.js
   Compressing: C:\tmp\theoverify\dist\THEOLOGICUS\bible\b14.js
   Compressing: C:\tmp\theoverify\dist\THEOLOGICUS\bible\b15.js
   Compressing: C:\tmp\theoverify\dist\THEOLOGICUS\bible\b16.js
   Compressing: C:\tmp\theoverify\dist\THEOLOGICUS\bible\b17.js
   Compressing: C:\tmp\theoverify\dist\THEOLOGICUS\bible\b18.js
   Compressing: C:\tmp\theoverify\dist\THEOLOGICUS\bible\b19.js
   Compressing: C:\tmp\theoverify\dist\THEOLOGICUS\bible\b2.js
   Compressing: C:\tmp\theoverify\dist\THEOLOGICUS\bible\b20.js
   Compressing: C:\tmp\theoverify\dist\THEOLOGICUS\bible\b21.js
   Compressing: C:\tmp\theoverify\dist\THEOLOGICUS\bible\b22.js
   Compressing: C:\tmp\theoverify\dist\THEOLOGICUS\bible\b23.js
   Compressing: C:\tmp\theoverify\dist\THEOLOGICUS\bible\b24.js
   Compressing: C:\tmp\theoverify\dist\THEOLOGICUS\bible\b25.js
   Compressing: C:\tmp\theoverify\dist\THEOLOGICUS\bible\b26.js
   Compressing: C:\tmp\theoverify\dist\THEOLOGICUS\bible\b27.js
   Compressing: C:\tmp\theoverify\dist\THEOLOGICUS\bible\b28.js
   Compressing: C:\tmp\theoverify\dist\THEOLOGICUS\bible\b29.js
   Compressing: C:\tmp\theoverify\dist\THEOLOGICUS\bible\b3.js
   Compressing: C:\tmp\theoverify\dist\THEOLOGICUS\bible\b30.js
   Compressing: C:\tmp\theoverify\dist\THEOLOGICUS\bible\b31.js
   Compressing: C:\tmp\theoverify\dist\THEOLOGICUS\bible\b32.js
   Compressing: C:\tmp\theoverify\dist\THEOLOGICUS\bible\b33.js
   Compressing: C:\tmp\theoverify\dist\THEOLOGICUS\bible\b34.js
   Compressing: C:\tmp\theoverify\dist\THEOLOGICUS\bible\b35.js
   Compressing: C:\tmp\theoverify\dist\THEOLOGICUS\bible\b36.js
   Compressing: C:\tmp\theoverify\dist\THEOLOGICUS\bible\b37.js
   Compressing: C:\tmp\theoverify\dist\THEOLOGICUS\bible\b38.js
   Compressing: C:\tmp\theoverify\dist\THEOLOGICUS\bible\b39.js
   Compressing: C:\tmp\theoverify\dist\THEOLOGICUS\bible\b4.js
   Compressing: C:\tmp\theoverify\dist\THEOLOGICUS\bible\b40.js
   Compressing: C:\tmp\theoverify\dist\THEOLOGICUS\bible\b41.js
   Compressing: C:\tmp\theoverify\dist\THEOLOGICUS\bible\b42.js
   Compressing: C:\tmp\theoverify\dist\THEOLOGICUS\bible\b43.js
   Compressing: C:\tmp\theoverify\dist\THEOLOGICUS\bible\b44.js
   Compressing: C:\tmp\theoverify\dist\THEOLOGICUS\bible\b45.js
   Compressing: C:\tmp\theoverify\dist\THEOLOGICUS\bible\b46.js
   Compressing: C:\tmp\theoverify\dist\THEOLOGICUS\bible\b47.js
   Compressing: C:\tmp\theoverify\dist\THEOLOGICUS\bible\b48.js
   Compressing: C:\tmp\theoverify\dist\THEOLOGICUS\bible\b49.js
   Compressing: C:\tmp\theoverify\dist\THEOLOGICUS\bible\b5.js
   Compressing: C:\tmp\theoverify\dist\THEOLOGICUS\bible\b50.js
   Compressing: C:\tmp\theoverify\dist\THEOLOGICUS\bible\b51.js
   Compressing: C:\tmp\theoverify\dist\THEOLOGICUS\bible\b52.js
   Compressing: C:\tmp\theoverify\dist\THEOLOGICUS\bible\b53.js
   Compressing: C:\tmp\theoverify\dist\THEOLOGICUS\bible\b54.js
   Compressing: C:\tmp\theoverify\dist\THEOLOGICUS\bible\b55.js
   Compressing: C:\tmp\theoverify\dist\THEOLOGICUS\bible\b56.js
   Compressing: C:\tmp\theoverify\dist\THEOLOGICUS\bible\b57.js
   Compressing: C:\tmp\theoverify\dist\THEOLOGICUS\bible\b58.js
   Compressing: C:\tmp\theoverify\dist\THEOLOGICUS\bible\b59.js
   Compressing: C:\tmp\theoverify\dist\THEOLOGICUS\bible\b6.js
   Compressing: C:\tmp\theoverify\dist\THEOLOGICUS\bible\b60.js
   Compressing: C:\tmp\theoverify\dist\THEOLOGICUS\bible\b61.js
   Compressing: C:\tmp\theoverify\dist\THEOLOGICUS\bible\b62.js
   Compressing: C:\tmp\theoverify\dist\THEOLOGICUS\bible\b63.js
   Compressing: C:\tmp\theoverify\dist\THEOLOGICUS\bible\b64.js
   Compressing: C:\tmp\theoverify\dist\THEOLOGICUS\bible\b65.js
   Compressing: C:\tmp\theoverify\dist\THEOLOGICUS\bible\b66.js
   Compressing: C:\tmp\theoverify\dist\THEOLOGICUS\bible\b7.js
   Compressing: C:\tmp\theoverify\dist\THEOLOGICUS\bible\b8.js
   Compressing: C:\tmp\theoverify\dist\THEOLOGICUS\bible\b9.js
   Compressing: C:\tmp\theoverify\dist\THEOLOGICUS\bible\index.js
   Compressing: C:\tmp\theoverify\dist\THEOLOGICUS\bible\versification.js
   Compressing: C:\tmp\theoverify\dist\THEOLOGICUS\biblegr\b40.js
   Compressing: C:\tmp\theoverify\dist\THEOLOGICUS\biblegr\b41.js
   Compressing: C:\tmp\theoverify\dist\THEOLOGICUS\biblegr\b42.js
   Compressing: C:\tmp\theoverify\dist\THEOLOGICUS\biblegr\b43.js
   Compressing: C:\tmp\theoverify\dist\THEOLOGICUS\biblegr\b44.js
   Compressing: C:\tmp\theoverify\dist\THEOLOGICUS\biblegr\b45.js
   Compressing: C:\tmp\theoverify\dist\THEOLOGICUS\biblegr\b46.js
   Compressing: C:\tmp\theoverify\dist\THEOLOGICUS\biblegr\b47.js
   Compressing: C:\tmp\theoverify\dist\THEOLOGICUS\biblegr\b48.js
   Compressing: C:\tmp\theoverify\dist\THEOLOGICUS\biblegr\b49.js
   Compressing: C:\tmp\theoverify\dist\THEOLOGICUS\biblegr\b50.js
   Compressing: C:\tmp\theoverify\dist\THEOLOGICUS\biblegr\b51.js
   Compressing: C:\tmp\theoverify\dist\THEOLOGICUS\biblegr\b52.js
   Compressing: C:\tmp\theoverify\dist\THEOLOGICUS\biblegr\b53.js
   Compressing: C:\tmp\theoverify\dist\THEOLOGICUS\biblegr\b54.js
   Compressing: C:\tmp\theoverify\dist\THEOLOGICUS\biblegr\b55.js
   Compressing: C:\tmp\theoverify\dist\THEOLOGICUS\biblegr\b56.js
   Compressing: C:\tmp\theoverify\dist\THEOLOGICUS\biblegr\b57.js
   Compressing: C:\tmp\theoverify\dist\THEOLOGICUS\biblegr\b58.js
   Compressing: C:\tmp\theoverify\dist\THEOLOGICUS\biblegr\b59.js
   Compressing: C:\tmp\theoverify\dist\THEOLOGICUS\biblegr\b60.js
   Compressing: C:\tmp\theoverify\dist\THEOLOGICUS\biblegr\b61.js
   Compressing: C:\tmp\theoverify\dist\THEOLOGICUS\biblegr\b62.js
   Compressing: C:\tmp\theoverify\dist\THEOLOGICUS\biblegr\b63.js
   Compressing: C:\tmp\theoverify\dist\THEOLOGICUS\biblegr\b64.js
   Compressing: C:\tmp\theoverify\dist\THEOLOGICUS\biblegr\b65.js
   Compressing: C:\tmp\theoverify\dist\THEOLOGICUS\biblegr\b66.js
   Compressing: C:\tmp\theoverify\dist\THEOLOGICUS\biblegr\strongs.js
   Compressing: C:\tmp\theoverify\dist\THEOLOGICUS\biblehb\b1.js
   Compressing: C:\tmp\theoverify\dist\THEOLOGICUS\biblehb\b10.js
   Compressing: C:\tmp\theoverify\dist\THEOLOGICUS\biblehb\b11.js
   Compressing: C:\tmp\theoverify\dist\THEOLOGICUS\biblehb\b12.js
   Compressing: C:\tmp\theoverify\dist\THEOLOGICUS\biblehb\b13.js
   Compressing: C:\tmp\theoverify\dist\THEOLOGICUS\biblehb\b14.js
   Compressing: C:\tmp\theoverify\dist\THEOLOGICUS\biblehb\b15.js
   Compressing: C:\tmp\theoverify\dist\THEOLOGICUS\biblehb\b16.js
   Compressing: C:\tmp\theoverify\dist\THEOLOGICUS\biblehb\b17.js
   Compressing: C:\tmp\theoverify\dist\THEOLOGICUS\biblehb\b18.js
   Compressing: C:\tmp\theoverify\dist\THEOLOGICUS\biblehb\b19.js
   Compressing: C:\tmp\theoverify\dist\THEOLOGICUS\biblehb\b2.js
   Compressing: C:\tmp\theoverify\dist\THEOLOGICUS\biblehb\b20.js
   Compressing: C:\tmp\theoverify\dist\THEOLOGICUS\biblehb\b21.js
   Compressing: C:\tmp\theoverify\dist\THEOLOGICUS\biblehb\b22.js
   Compressing: C:\tmp\theoverify\dist\THEOLOGICUS\biblehb\b23.js
   Compressing: C:\tmp\theoverify\dist\THEOLOGICUS\biblehb\b24.js
   Compressing: C:\tmp\theoverify\dist\THEOLOGICUS\biblehb\b25.js
   Compressing: C:\tmp\theoverify\dist\THEOLOGICUS\biblehb\b26.js
   Compressing: C:\tmp\theoverify\dist\THEOLOGICUS\biblehb\b27.js
   Compressing: C:\tmp\theoverify\dist\THEOLOGICUS\biblehb\b28.js
   Compressing: C:\tmp\theoverify\dist\THEOLOGICUS\biblehb\b29.js
   Compressing: C:\tmp\theoverify\dist\THEOLOGICUS\biblehb\b3.js
   Compressing: C:\tmp\theoverify\dist\THEOLOGICUS\biblehb\b30.js
   Compressing: C:\tmp\theoverify\dist\THEOLOGICUS\biblehb\b31.js
   Compressing: C:\tmp\theoverify\dist\THEOLOGICUS\biblehb\b32.js
   Compressing: C:\tmp\theoverify\dist\THEOLOGICUS\biblehb\b33.js
   Compressing: C:\tmp\theoverify\dist\THEOLOGICUS\biblehb\b34.js
   Compressing: C:\tmp\theoverify\dist\THEOLOGICUS\biblehb\b35.js
   Compressing: C:\tmp\theoverify\dist\THEOLOGICUS\biblehb\b36.js
   Compressing: C:\tmp\theoverify\dist\THEOLOGICUS\biblehb\b37.js
   Compressing: C:\tmp\theoverify\dist\THEOLOGICUS\biblehb\b38.js
   Compressing: C:\tmp\theoverify\dist\THEOLOGICUS\biblehb\b39.js
   Compressing: C:\tmp\theoverify\dist\THEOLOGICUS\biblehb\b4.js
   Compressing: C:\tmp\theoverify\dist\THEOLOGICUS\biblehb\b5.js
   Compressing: C:\tmp\theoverify\dist\THEOLOGICUS\biblehb\b6.js
   Compressing: C:\tmp\theoverify\dist\THEOLOGICUS\biblehb\b7.js
   Compressing: C:\tmp\theoverify\dist\THEOLOGICUS\biblehb\b8.js
   Compressing: C:\tmp\theoverify\dist\THEOLOGICUS\biblehb\b9.js
   Compressing: C:\tmp\theoverify\dist\THEOLOGICUS\biblehb\strongs.js
   Compressing: C:\tmp\theoverify\dist\THEOLOGICUS\denzinger\ddz_001.js
   Compressing: C:\tmp\theoverify\dist\THEOLOGICUS\denzinger\ddz_002.js
   Compressing: C:\tmp\theoverify\dist\THEOLOGICUS\denzinger\ddz_003.js
   Compressing: C:\tmp\theoverify\dist\THEOLOGICUS\denzinger\ddz_004.js
   Compressing: C:\tmp\theoverify\dist\THEOLOGICUS\denzinger\ddz_005.js
   Compressing: C:\tmp\theoverify\dist\THEOLOGICUS\denzinger\ddz_006.js
   Compressing: C:\tmp\theoverify\dist\THEOLOGICUS\denzinger\ddz_007.js
   Compressing: C:\tmp\theoverify\dist\THEOLOGICUS\denzinger\ddz_008.js
   Compressing: C:\tmp\theoverify\dist\THEOLOGICUS\denzinger\ddz_009.js
   Compressing: C:\tmp\theoverify\dist\THEOLOGICUS\denzinger\ddz_010.js
   Compressing: C:\tmp\theoverify\dist\THEOLOGICUS\denzinger\ddz_011.js
   Compressing: C:\tmp\theoverify\dist\THEOLOGICUS\denzinger\ddz_012.js
   Compressing: C:\tmp\theoverify\dist\THEOLOGICUS\denzinger\ddz_013.js
   Compressing: C:\tmp\theoverify\dist\THEOLOGICUS\denzinger\ddz_014.js
   Compressing: C:\tmp\theoverify\dist\THEOLOGICUS\denzinger\ddz_015.js
   Compressing: C:\tmp\theoverify\dist\THEOLOGICUS\denzinger\ddz_016.js
   Compressing: C:\tmp\theoverify\dist\THEOLOGICUS\denzinger\ddz_017.js
   Compressing: C:\tmp\theoverify\dist\THEOLOGICUS\denzinger\ddz_018.js
   Compressing: C:\tmp\theoverify\dist\THEOLOGICUS\denzinger\ddz_019.js
   Compressing: C:\tmp\theoverify\dist\THEOLOGICUS\denzinger\ddz_020.js
   Compressing: C:\tmp\theoverify\dist\THEOLOGICUS\denzinger\ddz_021.js
   Compressing: C:\tmp\theoverify\dist\THEOLOGICUS\denzinger\ddz_022.js
   Compressing: C:\tmp\theoverify\dist\THEOLOGICUS\denzinger\ddz_023.js
   Compressing: C:\tmp\theoverify\dist\THEOLOGICUS\denzinger\ddz_024.js
   Compressing: C:\tmp\theoverify\dist\THEOLOGICUS\denzinger\ddz_025.js
   Compressing: C:\tmp\theoverify\dist\THEOLOGICUS\denzinger\ddz_026.js
   Compressing: C:\tmp\theoverify\dist\THEOLOGICUS\denzinger\ddz_027.js
   Compressing: C:\tmp\theoverify\dist\THEOLOGICUS\denzinger\ddz_028.js
   Compressing: C:\tmp\theoverify\dist\THEOLOGICUS\denzinger\ddz_029.js
   Compressing: C:\tmp\theoverify\dist\THEOLOGICUS\denzinger\ddz_030.js
   Compressing: C:\tmp\theoverify\dist\THEOLOGICUS\denzinger\ddz_031.js
   Compressing: C:\tmp\theoverify\dist\THEOLOGICUS\denzinger\ddz_032.js
   Compressing: C:\tmp\theoverify\dist\THEOLOGICUS\denzinger\ddz_033.js
   Compressing: C:\tmp\theoverify\dist\THEOLOGICUS\denzinger\ddz_034.js
   Compressing: C:\tmp\theoverify\dist\THEOLOGICUS\denzinger\ddz_035.js
   Compressing: C:\tmp\theoverify\dist\THEOLOGICUS\denzinger\ddz_036.js
   Compressing: C:\tmp\theoverify\dist\THEOLOGICUS\denzinger\ddz_037.js
   Compressing: C:\tmp\theoverify\dist\THEOLOGICUS\denzinger\ddz_038.js
   Compressing: C:\tmp\theoverify\dist\THEOLOGICUS\denzinger\ddz_039.js
   Compressing: C:\tmp\theoverify\dist\THEOLOGICUS\denzinger\ddz_040.js
   Compressing: C:\tmp\theoverify\dist\THEOLOGICUS\denzinger\ddz_041.js
   Compressing: C:\tmp\theoverify\dist\THEOLOGICUS\denzinger\ddz_042.js
   Compressing: C:\tmp\theoverify\dist\THEOLOGICUS\denzinger\ddz_043.js
   Compressing: C:\tmp\theoverify\dist\THEOLOGICUS\denzinger\ddz_044.js
   Compressing: C:\tmp\theoverify\dist\THEOLOGICUS\denzinger\ddz_045.js
   Compressing: C:\tmp\theoverify\dist\THEOLOGICUS\denzinger\ddz_046.js
   Compressing: C:\tmp\theoverify\dist\THEOLOGICUS\denzinger\ddz_047.js
   Compressing: C:\tmp\theoverify\dist\THEOLOGICUS\denzinger\ddz_048.js
   Compressing: C:\tmp\theoverify\dist\THEOLOGICUS\denzinger\ddz_049.js
   Compressing: C:\tmp\theoverify\dist\THEOLOGICUS\denzinger\ddz_050.js
   Compressing: C:\tmp\theoverify\dist\THEOLOGICUS\denzinger\ddz_051.js
   Compressing: C:\tmp\theoverify\dist\THEOLOGICUS\denzinger\ddz_052.js
   Compressing: C:\tmp\theoverify\dist\THEOLOGICUS\denzinger\ddz_053.js
   Compressing: C:\tmp\theoverify\dist\THEOLOGICUS\denzinger\ddz_054.js
   Compressing: C:\tmp\theoverify\dist\THEOLOGICUS\denzinger\ddz_055.js
   Compressing: C:\tmp\theoverify\dist\THEOLOGICUS\denzinger\ddz_056.js
   Compressing: C:\tmp\theoverify\dist\THEOLOGICUS\denzinger\ddz_057.js
   Compressing: C:\tmp\theoverify\dist\THEOLOGICUS\denzinger\ddz_058.js
   Compressing: C:\tmp\theoverify\dist\THEOLOGICUS\denzinger\ddz_059.js
   Compressing: C:\tmp\theoverify\dist\THEOLOGICUS\denzinger\ddz_060.js
   Compressing: C:\tmp\theoverify\dist\THEOLOGICUS\denzinger\ddz_061.js
   Compressing: C:\tmp\theoverify\dist\THEOLOGICUS\denzinger\ddz_062.js
   Compressing: C:\tmp\theoverify\dist\THEOLOGICUS\denzinger\ddz_063.js
   Compressing: C:\tmp\theoverify\dist\THEOLOGICUS\denzinger\ddz_064.js
   Compressing: C:\tmp\theoverify\dist\THEOLOGICUS\denzinger\ddz_065.js
   Compressing: C:\tmp\theoverify\dist\THEOLOGICUS\denzinger\ddz_066.js
   Compressing: C:\tmp\theoverify\dist\THEOLOGICUS\denzinger\ddz_067.js
   Compressing: C:\tmp\theoverify\dist\THEOLOGICUS\denzinger\ddz_068.js
   Compressing: C:\tmp\theoverify\dist\THEOLOGICUS\denzinger\ddz_069.js
   Compressing: C:\tmp\theoverify\dist\THEOLOGICUS\denzinger\ddz_070.js
   Compressing: C:\tmp\theoverify\dist\THEOLOGICUS\denzinger\ddz_071.js
   Compressing: C:\tmp\theoverify\dist\THEOLOGICUS\denzinger\ddz_072.js
   Compressing: C:\tmp\theoverify\dist\THEOLOGICUS\denzinger\ddz_073.js
   Compressing: C:\tmp\theoverify\dist\THEOLOGICUS\denzinger\ddz_074.js
   Compressing: C:\tmp\theoverify\dist\THEOLOGICUS\denzinger\ddz_075.js
   Compressing: C:\tmp\theoverify\dist\THEOLOGICUS\denzinger\ddz_076.js
   Compressing: C:\tmp\theoverify\dist\THEOLOGICUS\denzinger\ddz_077.js
   Compressing: C:\tmp\theoverify\dist\THEOLOGICUS\denzinger\ddz_078.js
   Compressing: C:\tmp\theoverify\dist\THEOLOGICUS\denzinger\ddz_079.js
   Compressing: C:\tmp\theoverify\dist\THEOLOGICUS\denzinger\ddz_080.js
   Compressing: C:\tmp\theoverify\dist\THEOLOGICUS\denzinger\ddz_081.js
   Compressing: C:\tmp\theoverify\dist\THEOLOGICUS\denzinger\ddz_082.js
   Compressing: C:\tmp\theoverify\dist\THEOLOGICUS\denzinger\ddz_083.js
   Compressing: C:\tmp\theoverify\dist\THEOLOGICUS\denzinger\ddz_084.js
   Compressing: C:\tmp\theoverify\dist\THEOLOGICUS\denzinger\ddz_085.js
   Compressing: C:\tmp\theoverify\dist\THEOLOGICUS\denzinger\ddz_086.js
   Compressing: C:\tmp\theoverify\dist\THEOLOGICUS\denzinger\ddz_087.js
   Compressing: C:\tmp\theoverify\dist\THEOLOGICUS\denzinger\ddz_088.js
   Compressing: C:\tmp\theoverify\dist\THEOLOGICUS\denzinger\ddz_089.js
   Compressing: C:\tmp\theoverify\dist\THEOLOGICUS\denzinger\ddz_090.js
   Compressing: C:\tmp\theoverify\dist\THEOLOGICUS\denzinger\ddz_091.js
   Compressing: C:\tmp\theoverify\dist\THEOLOGICUS\denzinger\ddz_092.js
   Compressing: C:\tmp\theoverify\dist\THEOLOGICUS\denzinger\ddz_093.js
   Compressing: C:\tmp\theoverify\dist\THEOLOGICUS\denzinger\ddz_094.js
   Compressing: C:\tmp\theoverify\dist\THEOLOGICUS\denzinger\ddz_095.js
   Compressing: C:\tmp\theoverify\dist\THEOLOGICUS\denzinger\ddz_096.js
   Compressing: C:\tmp\theoverify\dist\THEOLOGICUS\denzinger\ddz_097.js
   Compressing: C:\tmp\theoverify\dist\THEOLOGICUS\denzinger\ddz_098.js
   Compressing: C:\tmp\theoverify\dist\THEOLOGICUS\denzinger\ddz_099.js
   Compressing: C:\tmp\theoverify\dist\THEOLOGICUS\denzinger\ddz_100.js
   Compressing: C:\tmp\theoverify\dist\THEOLOGICUS\denzinger\ddz_101.js
   Compressing: C:\tmp\theoverify\dist\THEOLOGICUS\denzinger\ddz_102.js
   Compressing: C:\tmp\theoverify\dist\THEOLOGICUS\denzinger\ddz_103.js
   Compressing: C:\tmp\theoverify\dist\THEOLOGICUS\denzinger\ddz_104.js
   Compressing: C:\tmp\theoverify\dist\THEOLOGICUS\denzinger\ddz_105.js
   Compressing: C:\tmp\theoverify\dist\THEOLOGICUS\denzinger\ddz_106.js
   Compressing: C:\tmp\theoverify\dist\THEOLOGICUS\denzinger\ddz_107.js
   Compressing: C:\tmp\theoverify\dist\THEOLOGICUS\denzinger\ddz_108.js
   Compressing: C:\tmp\theoverify\dist\THEOLOGICUS\denzinger\ddz_109.js
   Compressing: C:\tmp\theoverify\dist\THEOLOGICUS\denzinger\ddz_110.js
   Compressing: C:\tmp\theoverify\dist\THEOLOGICUS\denzinger\ddz_111.js
   Compressing: C:\tmp\theoverify\dist\THEOLOGICUS\denzinger\ddz_112.js
   Compressing: C:\tmp\theoverify\dist\THEOLOGICUS\denzinger\ddz_113.js
   Compressing: C:\tmp\theoverify\dist\THEOLOGICUS\denzinger\ddz_114.js
   Compressing: C:\tmp\theoverify\dist\THEOLOGICUS\denzinger\ddz_115.js
   Compressing: C:\tmp\theoverify\dist\THEOLOGICUS\denzinger\ddz_116.js
   Compressing: C:\tmp\theoverify\dist\THEOLOGICUS\denzinger\ddz_117.js
   Compressing: C:\tmp\theoverify\dist\THEOLOGICUS\denzinger\ddz_118.js
   Compressing: C:\tmp\theoverify\dist\THEOLOGICUS\denzinger\ddz_119.js
   Compressing: C:\tmp\theoverify\dist\THEOLOGICUS\denzinger\ddz_120.js
   Compressing: C:\tmp\theoverify\dist\THEOLOGICUS\denzinger\ddz_121.js
   Compressing: C:\tmp\theoverify\dist\THEOLOGICUS\denzinger\ddz_122.js
   Compressing: C:\tmp\theoverify\dist\THEOLOGICUS\denzinger\ddz_123.js
   Compressing: C:\tmp\theoverify\dist\THEOLOGICUS\denzinger\ddz_124.js
   Compressing: C:\tmp\theoverify\dist\THEOLOGICUS\denzinger\ddz_125.js
   Compressing: C:\tmp\theoverify\dist\THEOLOGICUS\denzinger\ddz_126.js
   Compressing: C:\tmp\theoverify\dist\THEOLOGICUS\denzinger\ddz_127.js
   Compressing: C:\tmp\theoverify\dist\THEOLOGICUS\denzinger\ddz_intro.js
   Compressing: C:\tmp\theoverify\dist\THEOLOGICUS\denzinger\index.js
   Compressing: C:\tmp\theoverify\dist\THEOLOGICUS\denzinger\names.js
   Compressing: C:\tmp\theoverify\dist\THEOLOGICUS\fathers\f0101.js
   Compressing: C:\tmp\theoverify\dist\THEOLOGICUS\fathers\f0102.js
   Compressing: C:\tmp\theoverify\dist\THEOLOGICUS\fathers\f0103.js
   Compressing: C:\tmp\theoverify\dist\THEOLOGICUS\fathers\f0104.js
   Compressing: C:\tmp\theoverify\dist\THEOLOGICUS\fathers\f0105.js
   Compressing: C:\tmp\theoverify\dist\THEOLOGICUS\fathers\f0106.js
   Compressing: C:\tmp\theoverify\dist\THEOLOGICUS\fathers\f0107.js
   Compressing: C:\tmp\theoverify\dist\THEOLOGICUS\fathers\f0108.js
   Compressing: C:\tmp\theoverify\dist\THEOLOGICUS\fathers\f0109.js
   Compressing: C:\tmp\theoverify\dist\THEOLOGICUS\fathers\f0110.js
   Compressing: C:\tmp\theoverify\dist\THEOLOGICUS\fathers\f0123.js
   Compressing: C:\tmp\theoverify\dist\THEOLOGICUS\fathers\f0124.js
   Compressing: C:\tmp\theoverify\dist\THEOLOGICUS\fathers\f0125.js
   Compressing: C:\tmp\theoverify\dist\THEOLOGICUS\fathers\f0126.js
   Compressing: C:\tmp\theoverify\dist\THEOLOGICUS\fathers\f0127.js
   Compressing: C:\tmp\theoverify\dist\THEOLOGICUS\fathers\f0128.js
   Compressing: C:\tmp\theoverify\dist\THEOLOGICUS\fathers\f0131.js
   Compressing: C:\tmp\theoverify\dist\THEOLOGICUS\fathers\f0134.js
   Compressing: C:\tmp\theoverify\dist\THEOLOGICUS\fathers\f0136.js
   Compressing: C:\tmp\theoverify\dist\THEOLOGICUS\fathers\f0201.js
   Compressing: C:\tmp\theoverify\dist\THEOLOGICUS\fathers\f0202.js
   Compressing: C:\tmp\theoverify\dist\THEOLOGICUS\fathers\f0204.js
   Compressing: C:\tmp\theoverify\dist\THEOLOGICUS\fathers\f0205.js
   Compressing: C:\tmp\theoverify\dist\THEOLOGICUS\fathers\f0206.js
   Compressing: C:\tmp\theoverify\dist\THEOLOGICUS\fathers\f0207.js
   Compressing: C:\tmp\theoverify\dist\THEOLOGICUS\fathers\f0208.js
   Compressing: C:\tmp\theoverify\dist\THEOLOGICUS\fathers\f0209.js
   Compressing: C:\tmp\theoverify\dist\THEOLOGICUS\fathers\f0210.js
   Compressing: C:\tmp\theoverify\dist\THEOLOGICUS\fathers\f0301.js
   Compressing: C:\tmp\theoverify\dist\THEOLOGICUS\fathers\f0310.js
   Compressing: C:\tmp\theoverify\dist\THEOLOGICUS\fathers\f0311.js
   Compressing: C:\tmp\theoverify\dist\THEOLOGICUS\fathers\f0315.js
   Compressing: C:\tmp\theoverify\dist\THEOLOGICUS\fathers\f0316.js
   Compressing: C:\tmp\theoverify\dist\THEOLOGICUS\fathers\f0317.js
   Compressing: C:\tmp\theoverify\dist\THEOLOGICUS\fathers\f0320.js
   Compressing: C:\tmp\theoverify\dist\THEOLOGICUS\fathers\f0321.js
   Compressing: C:\tmp\theoverify\dist\THEOLOGICUS\fathers\f0322.js
   Compressing: C:\tmp\theoverify\dist\THEOLOGICUS\fathers\f0410.js
   Compressing: C:\tmp\theoverify\dist\THEOLOGICUS\fathers\f0412.js
   Compressing: C:\tmp\theoverify\dist\THEOLOGICUS\fathers\f0414.js
   Compressing: C:\tmp\theoverify\dist\THEOLOGICUS\fathers\f0416.js
   Compressing: C:\tmp\theoverify\dist\THEOLOGICUS\fathers\f0501.js
   Compressing: C:\tmp\theoverify\dist\THEOLOGICUS\fathers\f0506.js
   Compressing: C:\tmp\theoverify\dist\THEOLOGICUS\fathers\f0507.js
   Compressing: C:\tmp\theoverify\dist\THEOLOGICUS\fathers\f0508.js
   Compressing: C:\tmp\theoverify\dist\THEOLOGICUS\fathers\f0511.js
   Compressing: C:\tmp\theoverify\dist\THEOLOGICUS\fathers\f0521.js
   Compressing: C:\tmp\theoverify\dist\THEOLOGICUS\fathers\f0701.js
   Compressing: C:\tmp\theoverify\dist\THEOLOGICUS\fathers\f0714.js
   Compressing: C:\tmp\theoverify\dist\THEOLOGICUS\fathers\f1010.js
   Compressing: C:\tmp\theoverify\dist\THEOLOGICUS\fathers\f1011.js
   Compressing: C:\tmp\theoverify\dist\THEOLOGICUS\fathers\f1012.js
   Compressing: C:\tmp\theoverify\dist\THEOLOGICUS\fathers\f1101.js
   Compressing: C:\tmp\theoverify\dist\THEOLOGICUS\fathers\f1201.js
   Compressing: C:\tmp\theoverify\dist\THEOLOGICUS\fathers\f1202.js
   Compressing: C:\tmp\theoverify\dist\THEOLOGICUS\fathers\f1301.js
   Compressing: C:\tmp\theoverify\dist\THEOLOGICUS\fathers\f1302.js
   Compressing: C:\tmp\theoverify\dist\THEOLOGICUS\fathers\f1312.js
   Compressing: C:\tmp\theoverify\dist\THEOLOGICUS\fathers\f1401.js
   Compressing: C:\tmp\theoverify\dist\THEOLOGICUS\fathers\f1502.js
   Compressing: C:\tmp\theoverify\dist\THEOLOGICUS\fathers\f1503.js
   Compressing: C:\tmp\theoverify\dist\THEOLOGICUS\fathers\f1510.js
   Compressing: C:\tmp\theoverify\dist\THEOLOGICUS\fathers\f1701.js
   Compressing: C:\tmp\theoverify\dist\THEOLOGICUS\fathers\f1922.js
   Compressing: C:\tmp\theoverify\dist\THEOLOGICUS\fathers\f2001.js
   Compressing: C:\tmp\theoverify\dist\THEOLOGICUS\fathers\f2401.js
   Compressing: C:\tmp\theoverify\dist\THEOLOGICUS\fathers\f2501.js
   Compressing: C:\tmp\theoverify\dist\THEOLOGICUS\fathers\f2502.js
   Compressing: C:\tmp\theoverify\dist\THEOLOGICUS\fathers\f2601.js
   Compressing: C:\tmp\theoverify\dist\THEOLOGICUS\fathers\f2711.js
   Compressing: C:\tmp\theoverify\dist\THEOLOGICUS\fathers\f2801.js
   Compressing: C:\tmp\theoverify\dist\THEOLOGICUS\fathers\f2802.js
   Compressing: C:\tmp\theoverify\dist\THEOLOGICUS\fathers\f2809.js
   Compressing: C:\tmp\theoverify\dist\THEOLOGICUS\fathers\f2810.js
   Compressing: C:\tmp\theoverify\dist\THEOLOGICUS\fathers\f2811.js
   Compressing: C:\tmp\theoverify\dist\THEOLOGICUS\fathers\f2816.js
   Compressing: C:\tmp\theoverify\dist\THEOLOGICUS\fathers\f2817.js
   Compressing: C:\tmp\theoverify\dist\THEOLOGICUS\fathers\f2821.js
   Compressing: C:\tmp\theoverify\dist\THEOLOGICUS\fathers\f2901.js
   Compressing: C:\tmp\theoverify\dist\THEOLOGICUS\fathers\f2903.js
   Compressing: C:\tmp\theoverify\dist\THEOLOGICUS\fathers\f2905.js
   Compressing: C:\tmp\theoverify\dist\THEOLOGICUS\fathers\f2908.js
   Compressing: C:\tmp\theoverify\dist\THEOLOGICUS\fathers\f2914.js
   Compressing: C:\tmp\theoverify\dist\THEOLOGICUS\fathers\f2915.js
   Compressing: C:\tmp\theoverify\dist\THEOLOGICUS\fathers\f3001.js
   Compressing: C:\tmp\theoverify\dist\THEOLOGICUS\fathers\f3007.js
   Compressing: C:\tmp\theoverify\dist\THEOLOGICUS\fathers\f3101.js
   Compressing: C:\tmp\theoverify\dist\THEOLOGICUS\fathers\f3102.js
   Compressing: C:\tmp\theoverify\dist\THEOLOGICUS\fathers\f3201.js
   Compressing: C:\tmp\theoverify\dist\THEOLOGICUS\fathers\f3203.js
   Compressing: C:\tmp\theoverify\dist\THEOLOGICUS\fathers\f3302.js
   Compressing: C:\tmp\theoverify\dist\THEOLOGICUS\fathers\f3304.js
   Compressing: C:\tmp\theoverify\dist\THEOLOGICUS\fathers\f3402.js
   Compressing: C:\tmp\theoverify\dist\THEOLOGICUS\fathers\f3404.js
   Compressing: C:\tmp\theoverify\dist\THEOLOGICUS\fathers\f3405.js
   Compressing: C:\tmp\theoverify\dist\THEOLOGICUS\fathers\f3506.js
   Compressing: C:\tmp\theoverify\dist\THEOLOGICUS\fathers\f3509.js
   Compressing: C:\tmp\theoverify\dist\THEOLOGICUS\fathers\f3601.js
   Compressing: C:\tmp\theoverify\dist\THEOLOGICUS\fathers\f3603.js
   Compressing: C:\tmp\theoverify\dist\THEOLOGICUS\fathers\f3604.js
   Compressing: C:\tmp\theoverify\dist\THEOLOGICUS\fathers\f3801.js
   Compressing: C:\tmp\theoverify\dist\THEOLOGICUS\fathers\f3802.js
   Compressing: C:\tmp\theoverify\dist\THEOLOGICUS\fathers\f3803.js
   Compressing: C:\tmp\theoverify\dist\THEOLOGICUS\fathers\f3804.js
   Compressing: C:\tmp\theoverify\dist\THEOLOGICUS\fathers\f3805.js
   Compressing: C:\tmp\theoverify\dist\THEOLOGICUS\fathers\f3806.js
   Compressing: C:\tmp\theoverify\dist\THEOLOGICUS\fathers\f3808.js
   Compressing: C:\tmp\theoverify\dist\THEOLOGICUS\fathers\f3809.js
   Compressing: C:\tmp\theoverify\dist\THEOLOGICUS\fathers\f3810.js
   Compressing: C:\tmp\theoverify\dist\THEOLOGICUS\fathers\f3811.js
   Compressing: C:\tmp\theoverify\dist\THEOLOGICUS\fathers\f3812.js
   Compressing: C:\tmp\theoverify\dist\THEOLOGICUS\fathers\f3813.js
   Compressing: C:\tmp\theoverify\dist\THEOLOGICUS\fathers\f3814.js
   Compressing: C:\tmp\theoverify\dist\THEOLOGICUS\fathers\f3815.js
   Compressing: C:\tmp\theoverify\dist\THEOLOGICUS\fathers\f3816.js
   Compressing: C:\tmp\theoverify\dist\THEOLOGICUS\fathers\f3817.js
   Compressing: C:\tmp\theoverify\dist\THEOLOGICUS\fathers\f3818.js
   Compressing: C:\tmp\theoverify\dist\THEOLOGICUS\fathers\f3819.js
   Compressing: C:\tmp\theoverify\dist\THEOLOGICUS\fathers\index.js
   Compressing: C:\tmp\theoverify\dist\THEOLOGICUS\fathers\names.js
   Compressing: C:\tmp\theoverify\dist\THEOLOGICUS\islamic\ibukh_01.js
   Compressing: C:\tmp\theoverify\dist\THEOLOGICUS\islamic\ibukh_02.js
   Compressing: C:\tmp\theoverify\dist\THEOLOGICUS\islamic\ibukh_03.js
   Compressing: C:\tmp\theoverify\dist\THEOLOGICUS\islamic\ibukh_04.js
   Compressing: C:\tmp\theoverify\dist\THEOLOGICUS\islamic\ibukh_05.js
   Compressing: C:\tmp\theoverify\dist\THEOLOGICUS\islamic\ibukh_06.js
   Compressing: C:\tmp\theoverify\dist\THEOLOGICUS\islamic\ibukh_07.js
   Compressing: C:\tmp\theoverify\dist\THEOLOGICUS\islamic\ibukh_08.js
   Compressing: C:\tmp\theoverify\dist\THEOLOGICUS\islamic\ibukh_09.js
   Compressing: C:\tmp\theoverify\dist\THEOLOGICUS\islamic\ibukh_10.js
   Compressing: C:\tmp\theoverify\dist\THEOLOGICUS\islamic\ibukh_11.js
   Compressing: C:\tmp\theoverify\dist\THEOLOGICUS\islamic\ibukh_12.js
   Compressing: C:\tmp\theoverify\dist\THEOLOGICUS\islamic\ibukh_13.js
   Compressing: C:\tmp\theoverify\dist\THEOLOGICUS\islamic\ibukh_14.js
   Compressing: C:\tmp\theoverify\dist\THEOLOGICUS\islamic\ibukh_15.js
   Compressing: C:\tmp\theoverify\dist\THEOLOGICUS\islamic\ibukh_16.js
   Compressing: C:\tmp\theoverify\dist\THEOLOGICUS\islamic\ibukh_17.js
   Compressing: C:\tmp\theoverify\dist\THEOLOGICUS\islamic\ibukh_18.js
   Compressing: C:\tmp\theoverify\dist\THEOLOGICUS\islamic\ibukh_19.js
   Compressing: C:\tmp\theoverify\dist\THEOLOGICUS\islamic\ibukh_20.js
   Compressing: C:\tmp\theoverify\dist\THEOLOGICUS\islamic\ibukh_21.js
   Compressing: C:\tmp\theoverify\dist\THEOLOGICUS\islamic\ibukh_22.js
   Compressing: C:\tmp\theoverify\dist\THEOLOGICUS\islamic\ibukh_23.js
   Compressing: C:\tmp\theoverify\dist\THEOLOGICUS\islamic\ibukh_24.js
   Compressing: C:\tmp\theoverify\dist\THEOLOGICUS\islamic\ibukh_25.js
   Compressing: C:\tmp\theoverify\dist\THEOLOGICUS\islamic\ibukh_26.js
   Compressing: C:\tmp\theoverify\dist\THEOLOGICUS\islamic\ibukh_27.js
   Compressing: C:\tmp\theoverify\dist\THEOLOGICUS\islamic\ibukh_28.js
   Compressing: C:\tmp\theoverify\dist\THEOLOGICUS\islamic\ibukh_29.js
   Compressing: C:\tmp\theoverify\dist\THEOLOGICUS\islamic\ibukh_30.js
   Compressing: C:\tmp\theoverify\dist\THEOLOGICUS\islamic\ibukh_31.js
   Compressing: C:\tmp\theoverify\dist\THEOLOGICUS\islamic\ibukh_32.js
   Compressing: C:\tmp\theoverify\dist\THEOLOGICUS\islamic\ibukh_33.js
   Compressing: C:\tmp\theoverify\dist\THEOLOGICUS\islamic\ibukh_34.js
   Compressing: C:\tmp\theoverify\dist\THEOLOGICUS\islamic\ibukh_35.js
   Compressing: C:\tmp\theoverify\dist\THEOLOGICUS\islamic\ibukh_36.js
   Compressing: C:\tmp\theoverify\dist\THEOLOGICUS\islamic\ibukh_37.js
   Compressing: C:\tmp\theoverify\dist\THEOLOGICUS\islamic\ibukh_38.js
   Compressing: C:\tmp\theoverify\dist\THEOLOGICUS\islamic\ibukh_39.js
   Compressing: C:\tmp\theoverify\dist\THEOLOGICUS\islamic\ibukh_40.js
   Compressing: C:\tmp\theoverify\dist\THEOLOGICUS\islamic\ibukh_41.js
   Compressing: C:\tmp\theoverify\dist\THEOLOGICUS\islamic\ibukh_42.js
   Compressing: C:\tmp\theoverify\dist\THEOLOGICUS\islamic\ibukh_43.js
   Compressing: C:\tmp\theoverify\dist\THEOLOGICUS\islamic\ibukh_44.js
   Compressing: C:\tmp\theoverify\dist\THEOLOGICUS\islamic\ibukh_45.js
   Compressing: C:\tmp\theoverify\dist\THEOLOGICUS\islamic\ibukh_46.js
   Compressing: C:\tmp\theoverify\dist\THEOLOGICUS\islamic\ibukh_47.js
   Compressing: C:\tmp\theoverify\dist\THEOLOGICUS\islamic\ibukh_48.js
   Compressing: C:\tmp\theoverify\dist\THEOLOGICUS\islamic\ibukh_49.js
   Compressing: C:\tmp\theoverify\dist\THEOLOGICUS\islamic\ibukh_50.js
   Compressing: C:\tmp\theoverify\dist\THEOLOGICUS\islamic\ibukh_51.js
   Compressing: C:\tmp\theoverify\dist\THEOLOGICUS\islamic\ibukh_52.js
   Compressing: C:\tmp\theoverify\dist\THEOLOGICUS\islamic\ibukh_53.js
   Compressing: C:\tmp\theoverify\dist\THEOLOGICUS\islamic\ibukh_54.js
   Compressing: C:\tmp\theoverify\dist\THEOLOGICUS\islamic\ibukh_55.js
   Compressing: C:\tmp\theoverify\dist\THEOLOGICUS\islamic\ibukh_56.js
   Compressing: C:\tmp\theoverify\dist\THEOLOGICUS\islamic\ibukh_57.js
   Compressing: C:\tmp\theoverify\dist\THEOLOGICUS\islamic\ibukh_58.js
   Compressing: C:\tmp\theoverify\dist\THEOLOGICUS\islamic\ibukh_59.js
   Compressing: C:\tmp\theoverify\dist\THEOLOGICUS\islamic\ibukh_60.js
   Compressing: C:\tmp\theoverify\dist\THEOLOGICUS\islamic\ibukh_61.js
   Compressing: C:\tmp\theoverify\dist\THEOLOGICUS\islamic\ibukh_62.js
   Compressing: C:\tmp\theoverify\dist\THEOLOGICUS\islamic\ibukh_63.js
   Compressing: C:\tmp\theoverify\dist\THEOLOGICUS\islamic\ibukh_64.js
   Compressing: C:\tmp\theoverify\dist\THEOLOGICUS\islamic\ibukh_65.js
   Compressing: C:\tmp\theoverify\dist\THEOLOGICUS\islamic\ibukh_66.js
   Compressing: C:\tmp\theoverify\dist\THEOLOGICUS\islamic\ibukh_67.js
   Compressing: C:\tmp\theoverify\dist\THEOLOGICUS\islamic\ibukh_68.js
   Compressing: C:\tmp\theoverify\dist\THEOLOGICUS\islamic\ibukh_69.js
   Compressing: C:\tmp\theoverify\dist\THEOLOGICUS\islamic\ibukh_70.js
   Compressing: C:\tmp\theoverify\dist\THEOLOGICUS\islamic\ibukh_71.js
   Compressing: C:\tmp\theoverify\dist\THEOLOGICUS\islamic\ibukh_72.js
   Compressing: C:\tmp\theoverify\dist\THEOLOGICUS\islamic\ibukh_73.js
   Compressing: C:\tmp\theoverify\dist\THEOLOGICUS\islamic\ibukh_74.js
   Compressing: C:\tmp\theoverify\dist\THEOLOGICUS\islamic\ibukh_75.js
   Compressing: C:\tmp\theoverify\dist\THEOLOGICUS\islamic\ibukh_76.js
   Compressing: C:\tmp\theoverify\dist\THEOLOGICUS\islamic\ibukh_77.js
   Compressing: C:\tmp\theoverify\dist\THEOLOGICUS\islamic\ibukh_78.js
   Compressing: C:\tmp\theoverify\dist\THEOLOGICUS\islamic\ibukh_79.js
   Compressing: C:\tmp\theoverify\dist\THEOLOGICUS\islamic\ibukh_80.js
   Compressing: C:\tmp\theoverify\dist\THEOLOGICUS\islamic\ibukh_81.js
   Compressing: C:\tmp\theoverify\dist\THEOLOGICUS\islamic\ibukh_82.js
   Compressing: C:\tmp\theoverify\dist\THEOLOGICUS\islamic\ibukh_83.js
   Compressing: C:\tmp\theoverify\dist\THEOLOGICUS\islamic\ibukh_84.js
   Compressing: C:\tmp\theoverify\dist\THEOLOGICUS\islamic\ibukh_85.js
   Compressing: C:\tmp\theoverify\dist\THEOLOGICUS\islamic\ibukh_86.js
   Compressing: C:\tmp\theoverify\dist\THEOLOGICUS\islamic\ibukh_87.js
   Compressing: C:\tmp\theoverify\dist\THEOLOGICUS\islamic\ibukh_88.js
   Compressing: C:\tmp\theoverify\dist\THEOLOGICUS\islamic\ibukh_89.js
   Compressing: C:\tmp\theoverify\dist\THEOLOGICUS\islamic\ibukh_90.js
   Compressing: C:\tmp\theoverify\dist\THEOLOGICUS\islamic\ibukh_91.js
   Compressing: C:\tmp\theoverify\dist\THEOLOGICUS\islamic\ibukh_92.js
   Compressing: C:\tmp\theoverify\dist\THEOLOGICUS\islamic\ibukh_intro.js
   Compressing: C:\tmp\theoverify\dist\THEOLOGICUS\islamic\index.js
   Compressing: C:\tmp\theoverify\dist\THEOLOGICUS\islamic\names.js
   Compressing: C:\tmp\theoverify\dist\THEOLOGICUS\latin\mots.js
   Compressing: C:\tmp\theoverify\dist\THEOLOGICUS\libs\html2canvas.min.js
   Compressing: C:\tmp\theoverify\dist\THEOLOGICUS\libs\jspdf.umd.min.js
   Compressing: C:\tmp\theoverify\dist\THEOLOGICUS\libs\jszip.min.js
   Compressing: C:\tmp\theoverify\dist\THEOLOGICUS\libs\mammoth.browser.min.js
   Compressing: C:\tmp\theoverify\dist\THEOLOGICUS\libs\pdf.min.js
   Compressing: C:\tmp\theoverify\dist\THEOLOGICUS\libs\pdf.worker.min.js
   Compressing: C:\tmp\theoverify\dist\THEOLOGICUS\libs\fonts\poppins-pxiByp8kv8JHgFVrLCz7Z11lFc-K.woff2
   Compressing: C:\tmp\theoverify\dist\THEOLOGICUS\libs\fonts\poppins-pxiByp8kv8JHgFVrLCz7Z1JlFc-K.woff2
   Compressing: C:\tmp\theoverify\dist\THEOLOGICUS\libs\fonts\poppins-pxiByp8kv8JHgFVrLCz7Z1xlFQ.woff2
   Compressing: C:\tmp\theoverify\dist\THEOLOGICUS\libs\fonts\poppins-pxiByp8kv8JHgFVrLDz8Z11lFc-K.woff2
   Compressing: C:\tmp\theoverify\dist\THEOLOGICUS\libs\fonts\poppins-pxiByp8kv8JHgFVrLDz8Z1JlFc-K.woff2
   Compressing: C:\tmp\theoverify\dist\THEOLOGICUS\libs\fonts\poppins-pxiByp8kv8JHgFVrLDz8Z1xlFQ.woff2
   Compressing: C:\tmp\theoverify\dist\THEOLOGICUS\libs\fonts\poppins-pxiByp8kv8JHgFVrLEj6Z11lFc-K.woff2
   Compressing: C:\tmp\theoverify\dist\THEOLOGICUS\libs\fonts\poppins-pxiByp8kv8JHgFVrLEj6Z1JlFc-K.woff2
   Compressing: C:\tmp\theoverify\dist\THEOLOGICUS\libs\fonts\poppins-pxiByp8kv8JHgFVrLEj6Z1xlFQ.woff2
   Compressing: C:\tmp\theoverify\dist\THEOLOGICUS\libs\fonts\poppins-pxiByp8kv8JHgFVrLGT9Z11lFc-K.woff2
   Compressing: C:\tmp\theoverify\dist\THEOLOGICUS\libs\fonts\poppins-pxiByp8kv8JHgFVrLGT9Z1JlFc-K.woff2
   Compressing: C:\tmp\theoverify\dist\THEOLOGICUS\libs\fonts\poppins-pxiByp8kv8JHgFVrLGT9Z1xlFQ.woff2
   Compressing: C:\tmp\theoverify\dist\THEOLOGICUS\libs\fonts\poppins-pxiEyp8kv8JHgFVrJJbecmNE.woff2
   Compressing: C:\tmp\theoverify\dist\THEOLOGICUS\libs\fonts\poppins-pxiEyp8kv8JHgFVrJJfecg.woff2
   Compressing: C:\tmp\theoverify\dist\THEOLOGICUS\libs\fonts\poppins-pxiEyp8kv8JHgFVrJJnecmNE.woff2
   Compressing: C:\tmp\theoverify\dist\THEOLOGICUS\libs\fonts\poppins.css
   Compressing: C:\tmp\theoverify\dist\THEOLOGICUS\libs\fonts\theo-fonts.css
   Compressing: C:\tmp\theoverify\dist\THEOLOGICUS\libs\fonts\v16-J7aHnp1uDWRBEqV98dVQztYldFcLowEF.woff2
   Compressing: C:\tmp\theoverify\dist\THEOLOGICUS\libs\fonts\v26-7cHmv4okm5zmbtYlK-4E4Q.woff2
   Compressing: C:\tmp\theoverify\dist\THEOLOGICUS\libs\fonts\v26-7cHmv4okm5zmbtYmK-4E4Q.woff2
   Compressing: C:\tmp\theoverify\dist\THEOLOGICUS\libs\fonts\v26-7cHmv4okm5zmbtYnK-4E4Q.woff2
   Compressing: C:\tmp\theoverify\dist\THEOLOGICUS\libs\fonts\v26-7cHmv4okm5zmbtYoK-4.woff2
   Compressing: C:\tmp\theoverify\dist\THEOLOGICUS\libs\fonts\v26-7cHmv4okm5zmbtYsK-4E4Q.woff2
   Compressing: C:\tmp\theoverify\dist\THEOLOGICUS\libs\fonts\v35-yMJRMIlzdpvBhQQL_Qq7dy0.woff2
   Compressing: C:\tmp\theoverify\dist\THEOLOGICUS\orthodox\index.js
   Compressing: C:\tmp\theoverify\dist\THEOLOGICUS\orthodox\names.js
   Compressing: C:\tmp\theoverify\dist\THEOLOGICUS\orthodox\oh_annunciation.js
   Compressing: C:\tmp\theoverify\dist\THEOLOGICUS\orthodox\oh_appendix.js
   Compressing: C:\tmp\theoverify\dist\THEOLOGICUS\orthodox\oh_ascension.js
   Compressing: C:\tmp\theoverify\dist\THEOLOGICUS\orthodox\oh_baptism.js
   Compressing: C:\tmp\theoverify\dist\THEOLOGICUS\orthodox\oh_blessings.js
   Compressing: C:\tmp\theoverify\dist\THEOLOGICUS\orthodox\oh_burial.js
   Compressing: C:\tmp\theoverify\dist\THEOLOGICUS\orthodox\oh_church.js
   Compressing: C:\tmp\theoverify\dist\THEOLOGICUS\orthodox\oh_churching.js
   Compressing: C:\tmp\theoverify\dist\THEOLOGICUS\orthodox\oh_communion.js
   Compressing: C:\tmp\theoverify\dist\THEOLOGICUS\orthodox\oh_compline.js
   Compressing: C:\tmp\theoverify\dist\THEOLOGICUS\orthodox\oh_confession.js
   Compressing: C:\tmp\theoverify\dist\THEOLOGICUS\orthodox\oh_converts.js
   Compressing: C:\tmp\theoverify\dist\THEOLOGICUS\orthodox\oh_cross.js
   Compressing: C:\tmp\theoverify\dist\THEOLOGICUS\orthodox\oh_dormition.js
   Compressing: C:\tmp\theoverify\dist\THEOLOGICUS\orthodox\oh_entrance.js
   Compressing: C:\tmp\theoverify\dist\THEOLOGICUS\orthodox\oh_friday.js
   Compressing: C:\tmp\theoverify\dist\THEOLOGICUS\orthodox\oh_hours.js
   Compressing: C:\tmp\theoverify\dist\THEOLOGICUS\orthodox\oh_liturgy.js
   Compressing: C:\tmp\theoverify\dist\THEOLOGICUS\orthodox\oh_manyyears.js
   Compressing: C:\tmp\theoverify\dist\THEOLOGICUS\orthodox\oh_marriage.js
   Compressing: C:\tmp\theoverify\dist\THEOLOGICUS\orthodox\oh_meeting.js
   Compressing: C:\tmp\theoverify\dist\THEOLOGICUS\orthodox\oh_nativity.js
   Compressing: C:\tmp\theoverify\dist\THEOLOGICUS\orthodox\oh_nativtheo.js
   Compressing: C:\tmp\theoverify\dist\THEOLOGICUS\orthodox\oh_orders.js
   Compressing: C:\tmp\theoverify\dist\THEOLOGICUS\orthodox\oh_palms.js
   Compressing: C:\tmp\theoverify\dist\THEOLOGICUS\orthodox\oh_panikhida.js
   Compressing: C:\tmp\theoverify\dist\THEOLOGICUS\orthodox\oh_pascha.js
   Compressing: C:\tmp\theoverify\dist\THEOLOGICUS\orthodox\oh_pentecost.js
   Compressing: C:\tmp\theoverify\dist\THEOLOGICUS\orthodox\oh_prayer.js
   Compressing: C:\tmp\theoverify\dist\THEOLOGICUS\orthodox\oh_presanct.js
   Compressing: C:\tmp\theoverify\dist\THEOLOGICUS\orthodox\oh_requiem.js
   Compressing: C:\tmp\theoverify\dist\THEOLOGICUS\orthodox\oh_symbolism.js
   Compressing: C:\tmp\theoverify\dist\THEOLOGICUS\orthodox\oh_thanks.js
   Compressing: C:\tmp\theoverify\dist\THEOLOGICUS\orthodox\oh_theophany.js
   Compressing: C:\tmp\theoverify\dist\THEOLOGICUS\orthodox\oh_thursday.js
   Compressing: C:\tmp\theoverify\dist\THEOLOGICUS\orthodox\oh_tones.js
   Compressing: C:\tmp\theoverify\dist\THEOLOGICUS\orthodox\oh_transfig.js
   Compressing: C:\tmp\theoverify\dist\THEOLOGICUS\orthodox\oh_unction.js
   Compressing: C:\tmp\theoverify\dist\THEOLOGICUS\orthodox\oh_vigil.js
   Compressing: C:\tmp\theoverify\dist\THEOLOGICUS\orthodox\os_greekchurch.js
   Compressing: C:\tmp\theoverify\dist\THEOLOGICUS\orthodox\os_oecumenical.js
   Compressing: C:\tmp\theoverify\dist\THEOLOGICUS\orthodox\os_philaret.js
   Compressing: C:\tmp\theoverify\dist\THEOLOGICUS\orthodox\os_rules.js
   Compressing: C:\tmp\theoverify\dist\THEOLOGICUS\quran\index.js
   Compressing: C:\tmp\theoverify\dist\THEOLOGICUS\quran\q1.js
   Compressing: C:\tmp\theoverify\dist\THEOLOGICUS\quran\q10.js
   Compressing: C:\tmp\theoverify\dist\THEOLOGICUS\quran\q100.js
   Compressing: C:\tmp\theoverify\dist\THEOLOGICUS\quran\q101.js
   Compressing: C:\tmp\theoverify\dist\THEOLOGICUS\quran\q102.js
   Compressing: C:\tmp\theoverify\dist\THEOLOGICUS\quran\q103.js
   Compressing: C:\tmp\theoverify\dist\THEOLOGICUS\quran\q104.js
   Compressing: C:\tmp\theoverify\dist\THEOLOGICUS\quran\q105.js
   Compressing: C:\tmp\theoverify\dist\THEOLOGICUS\quran\q106.js
   Compressing: C:\tmp\theoverify\dist\THEOLOGICUS\quran\q107.js
   Compressing: C:\tmp\theoverify\dist\THEOLOGICUS\quran\q108.js
   Compressing: C:\tmp\theoverify\dist\THEOLOGICUS\quran\q109.js
   Compressing: C:\tmp\theoverify\dist\THEOLOGICUS\quran\q11.js
   Compressing: C:\tmp\theoverify\dist\THEOLOGICUS\quran\q110.js
   Compressing: C:\tmp\theoverify\dist\THEOLOGICUS\quran\q111.js
   Compressing: C:\tmp\theoverify\dist\THEOLOGICUS\quran\q112.js
   Compressing: C:\tmp\theoverify\dist\THEOLOGICUS\quran\q113.js
   Compressing: C:\tmp\theoverify\dist\THEOLOGICUS\quran\q114.js
   Compressing: C:\tmp\theoverify\dist\THEOLOGICUS\quran\q12.js
   Compressing: C:\tmp\theoverify\dist\THEOLOGICUS\quran\q13.js
   Compressing: C:\tmp\theoverify\dist\THEOLOGICUS\quran\q14.js
   Compressing: C:\tmp\theoverify\dist\THEOLOGICUS\quran\q15.js
   Compressing: C:\tmp\theoverify\dist\THEOLOGICUS\quran\q16.js
   Compressing: C:\tmp\theoverify\dist\THEOLOGICUS\quran\q17.js
   Compressing: C:\tmp\theoverify\dist\THEOLOGICUS\quran\q18.js
   Compressing: C:\tmp\theoverify\dist\THEOLOGICUS\quran\q19.js
   Compressing: C:\tmp\theoverify\dist\THEOLOGICUS\quran\q2.js
   Compressing: C:\tmp\theoverify\dist\THEOLOGICUS\quran\q20.js
   Compressing: C:\tmp\theoverify\dist\THEOLOGICUS\quran\q21.js
   Compressing: C:\tmp\theoverify\dist\THEOLOGICUS\quran\q22.js
   Compressing: C:\tmp\theoverify\dist\THEOLOGICUS\quran\q23.js
   Compressing: C:\tmp\theoverify\dist\THEOLOGICUS\quran\q24.js
   Compressing: C:\tmp\theoverify\dist\THEOLOGICUS\quran\q25.js
   Compressing: C:\tmp\theoverify\dist\THEOLOGICUS\quran\q26.js
   Compressing: C:\tmp\theoverify\dist\THEOLOGICUS\quran\q27.js
   Compressing: C:\tmp\theoverify\dist\THEOLOGICUS\quran\q28.js
   Compressing: C:\tmp\theoverify\dist\THEOLOGICUS\quran\q29.js
   Compressing: C:\tmp\theoverify\dist\THEOLOGICUS\quran\q3.js
   Compressing: C:\tmp\theoverify\dist\THEOLOGICUS\quran\q30.js
   Compressing: C:\tmp\theoverify\dist\THEOLOGICUS\quran\q31.js
   Compressing: C:\tmp\theoverify\dist\THEOLOGICUS\quran\q32.js
   Compressing: C:\tmp\theoverify\dist\THEOLOGICUS\quran\q33.js
   Compressing: C:\tmp\theoverify\dist\THEOLOGICUS\quran\q34.js
   Compressing: C:\tmp\theoverify\dist\THEOLOGICUS\quran\q35.js
   Compressing: C:\tmp\theoverify\dist\THEOLOGICUS\quran\q36.js
   Compressing: C:\tmp\theoverify\dist\THEOLOGICUS\quran\q37.js
   Compressing: C:\tmp\theoverify\dist\THEOLOGICUS\quran\q38.js
   Compressing: C:\tmp\theoverify\dist\THEOLOGICUS\quran\q39.js
   Compressing: C:\tmp\theoverify\dist\THEOLOGICUS\quran\q4.js
   Compressing: C:\tmp\theoverify\dist\THEOLOGICUS\quran\q40.js
   Compressing: C:\tmp\theoverify\dist\THEOLOGICUS\quran\q41.js
   Compressing: C:\tmp\theoverify\dist\THEOLOGICUS\quran\q42.js
   Compressing: C:\tmp\theoverify\dist\THEOLOGICUS\quran\q43.js
   Compressing: C:\tmp\theoverify\dist\THEOLOGICUS\quran\q44.js
   Compressing: C:\tmp\theoverify\dist\THEOLOGICUS\quran\q45.js
   Compressing: C:\tmp\theoverify\dist\THEOLOGICUS\quran\q46.js
   Compressing: C:\tmp\theoverify\dist\THEOLOGICUS\quran\q47.js
   Compressing: C:\tmp\theoverify\dist\THEOLOGICUS\quran\q48.js
   Compressing: C:\tmp\theoverify\dist\THEOLOGICUS\quran\q49.js
   Compressing: C:\tmp\theoverify\dist\THEOLOGICUS\quran\q5.js
   Compressing: C:\tmp\theoverify\dist\THEOLOGICUS\quran\q50.js
   Compressing: C:\tmp\theoverify\dist\THEOLOGICUS\quran\q51.js
   Compressing: C:\tmp\theoverify\dist\THEOLOGICUS\quran\q52.js
   Compressing: C:\tmp\theoverify\dist\THEOLOGICUS\quran\q53.js
   Compressing: C:\tmp\theoverify\dist\THEOLOGICUS\quran\q54.js
   Compressing: C:\tmp\theoverify\dist\THEOLOGICUS\quran\q55.js
   Compressing: C:\tmp\theoverify\dist\THEOLOGICUS\quran\q56.js
   Compressing: C:\tmp\theoverify\dist\THEOLOGICUS\quran\q57.js
   Compressing: C:\tmp\theoverify\dist\THEOLOGICUS\quran\q58.js
   Compressing: C:\tmp\theoverify\dist\THEOLOGICUS\quran\q59.js
   Compressing: C:\tmp\theoverify\dist\THEOLOGICUS\quran\q6.js
   Compressing: C:\tmp\theoverify\dist\THEOLOGICUS\quran\q60.js
   Compressing: C:\tmp\theoverify\dist\THEOLOGICUS\quran\q61.js
   Compressing: C:\tmp\theoverify\dist\THEOLOGICUS\quran\q62.js
   Compressing: C:\tmp\theoverify\dist\THEOLOGICUS\quran\q63.js
   Compressing: C:\tmp\theoverify\dist\THEOLOGICUS\quran\q64.js
   Compressing: C:\tmp\theoverify\dist\THEOLOGICUS\quran\q65.js
   Compressing: C:\tmp\theoverify\dist\THEOLOGICUS\quran\q66.js
   Compressing: C:\tmp\theoverify\dist\THEOLOGICUS\quran\q67.js
   Compressing: C:\tmp\theoverify\dist\THEOLOGICUS\quran\q68.js
   Compressing: C:\tmp\theoverify\dist\THEOLOGICUS\quran\q69.js
   Compressing: C:\tmp\theoverify\dist\THEOLOGICUS\quran\q7.js
   Compressing: C:\tmp\theoverify\dist\THEOLOGICUS\quran\q70.js
   Compressing: C:\tmp\theoverify\dist\THEOLOGICUS\quran\q71.js
   Compressing: C:\tmp\theoverify\dist\THEOLOGICUS\quran\q72.js
   Compressing: C:\tmp\theoverify\dist\THEOLOGICUS\quran\q73.js
   Compressing: C:\tmp\theoverify\dist\THEOLOGICUS\quran\q74.js
   Compressing: C:\tmp\theoverify\dist\THEOLOGICUS\quran\q75.js
   Compressing: C:\tmp\theoverify\dist\THEOLOGICUS\quran\q76.js
   Compressing: C:\tmp\theoverify\dist\THEOLOGICUS\quran\q77.js
   Compressing: C:\tmp\theoverify\dist\THEOLOGICUS\quran\q78.js
   Compressing: C:\tmp\theoverify\dist\THEOLOGICUS\quran\q79.js
   Compressing: C:\tmp\theoverify\dist\THEOLOGICUS\quran\q8.js
   Compressing: C:\tmp\theoverify\dist\THEOLOGICUS\quran\q80.js
   Compressing: C:\tmp\theoverify\dist\THEOLOGICUS\quran\q81.js
   Compressing: C:\tmp\theoverify\dist\THEOLOGICUS\quran\q82.js
   Compressing: C:\tmp\theoverify\dist\THEOLOGICUS\quran\q83.js
   Compressing: C:\tmp\theoverify\dist\THEOLOGICUS\quran\q84.js
   Compressing: C:\tmp\theoverify\dist\THEOLOGICUS\quran\q85.js
   Compressing: C:\tmp\theoverify\dist\THEOLOGICUS\quran\q86.js
   Compressing: C:\tmp\theoverify\dist\THEOLOGICUS\quran\q87.js
   Compressing: C:\tmp\theoverify\dist\THEOLOGICUS\quran\q88.js
   Compressing: C:\tmp\theoverify\dist\THEOLOGICUS\quran\q89.js
   Compressing: C:\tmp\theoverify\dist\THEOLOGICUS\quran\q9.js
   Compressing: C:\tmp\theoverify\dist\THEOLOGICUS\quran\q90.js
   Compressing: C:\tmp\theoverify\dist\THEOLOGICUS\quran\q91.js
   Compressing: C:\tmp\theoverify\dist\THEOLOGICUS\quran\q92.js
   Compressing: C:\tmp\theoverify\dist\THEOLOGICUS\quran\q93.js
   Compressing: C:\tmp\theoverify\dist\THEOLOGICUS\quran\q94.js
   Compressing: C:\tmp\theoverify\dist\THEOLOGICUS\quran\q95.js
   Compressing: C:\tmp\theoverify\dist\THEOLOGICUS\quran\q96.js
   Compressing: C:\tmp\theoverify\dist\THEOLOGICUS\quran\q97.js
   Compressing: C:\tmp\theoverify\dist\THEOLOGICUS\quran\q98.js
   Compressing: C:\tmp\theoverify\dist\THEOLOGICUS\quran\q99.js
   Compressing: C:\tmp\theoverify\dist\THEOLOGICUS\quran\versification.js
   Compressing: C:\tmp\theoverify\dist\THEOLOGICUS\quranroots\index.js
   Compressing: C:\tmp\theoverify\dist\THEOLOGICUS\quranroots\q1.js
   Compressing: C:\tmp\theoverify\dist\THEOLOGICUS\quranroots\q10.js
   Compressing: C:\tmp\theoverify\dist\THEOLOGICUS\quranroots\q100.js
   Compressing: C:\tmp\theoverify\dist\THEOLOGICUS\quranroots\q101.js
   Compressing: C:\tmp\theoverify\dist\THEOLOGICUS\quranroots\q102.js
   Compressing: C:\tmp\theoverify\dist\THEOLOGICUS\quranroots\q103.js
   Compressing: C:\tmp\theoverify\dist\THEOLOGICUS\quranroots\q104.js
   Compressing: C:\tmp\theoverify\dist\THEOLOGICUS\quranroots\q105.js
   Compressing: C:\tmp\theoverify\dist\THEOLOGICUS\quranroots\q106.js
   Compressing: C:\tmp\theoverify\dist\THEOLOGICUS\quranroots\q107.js
   Compressing: C:\tmp\theoverify\dist\THEOLOGICUS\quranroots\q108.js
   Compressing: C:\tmp\theoverify\dist\THEOLOGICUS\quranroots\q109.js
   Compressing: C:\tmp\theoverify\dist\THEOLOGICUS\quranroots\q11.js
   Compressing: C:\tmp\theoverify\dist\THEOLOGICUS\quranroots\q110.js
   Compressing: C:\tmp\theoverify\dist\THEOLOGICUS\quranroots\q111.js
   Compressing: C:\tmp\theoverify\dist\THEOLOGICUS\quranroots\q112.js
   Compressing: C:\tmp\theoverify\dist\THEOLOGICUS\quranroots\q113.js
   Compressing: C:\tmp\theoverify\dist\THEOLOGICUS\quranroots\q114.js
   Compressing: C:\tmp\theoverify\dist\THEOLOGICUS\quranroots\q12.js
   Compressing: C:\tmp\theoverify\dist\THEOLOGICUS\quranroots\q13.js
   Compressing: C:\tmp\theoverify\dist\THEOLOGICUS\quranroots\q14.js
   Compressing: C:\tmp\theoverify\dist\THEOLOGICUS\quranroots\q15.js
   Compressing: C:\tmp\theoverify\dist\THEOLOGICUS\quranroots\q16.js
   Compressing: C:\tmp\theoverify\dist\THEOLOGICUS\quranroots\q17.js
   Compressing: C:\tmp\theoverify\dist\THEOLOGICUS\quranroots\q18.js
   Compressing: C:\tmp\theoverify\dist\THEOLOGICUS\quranroots\q19.js
   Compressing: C:\tmp\theoverify\dist\THEOLOGICUS\quranroots\q2.js
   Compressing: C:\tmp\theoverify\dist\THEOLOGICUS\quranroots\q20.js
   Compressing: C:\tmp\theoverify\dist\THEOLOGICUS\quranroots\q21.js
   Compressing: C:\tmp\theoverify\dist\THEOLOGICUS\quranroots\q22.js
   Compressing: C:\tmp\theoverify\dist\THEOLOGICUS\quranroots\q23.js
   Compressing: C:\tmp\theoverify\dist\THEOLOGICUS\quranroots\q24.js
   Compressing: C:\tmp\theoverify\dist\THEOLOGICUS\quranroots\q25.js
   Compressing: C:\tmp\theoverify\dist\THEOLOGICUS\quranroots\q26.js
   Compressing: C:\tmp\theoverify\dist\THEOLOGICUS\quranroots\q27.js
   Compressing: C:\tmp\theoverify\dist\THEOLOGICUS\quranroots\q28.js
   Compressing: C:\tmp\theoverify\dist\THEOLOGICUS\quranroots\q29.js
   Compressing: C:\tmp\theoverify\dist\THEOLOGICUS\quranroots\q3.js
   Compressing: C:\tmp\theoverify\dist\THEOLOGICUS\quranroots\q30.js
   Compressing: C:\tmp\theoverify\dist\THEOLOGICUS\quranroots\q31.js
   Compressing: C:\tmp\theoverify\dist\THEOLOGICUS\quranroots\q32.js
   Compressing: C:\tmp\theoverify\dist\THEOLOGICUS\quranroots\q33.js
   Compressing: C:\tmp\theoverify\dist\THEOLOGICUS\quranroots\q34.js
   Compressing: C:\tmp\theoverify\dist\THEOLOGICUS\quranroots\q35.js
   Compressing: C:\tmp\theoverify\dist\THEOLOGICUS\quranroots\q36.js
   Compressing: C:\tmp\theoverify\dist\THEOLOGICUS\quranroots\q37.js
   Compressing: C:\tmp\theoverify\dist\THEOLOGICUS\quranroots\q38.js
   Compressing: C:\tmp\theoverify\dist\THEOLOGICUS\quranroots\q39.js
   Compressing: C:\tmp\theoverify\dist\THEOLOGICUS\quranroots\q4.js
   Compressing: C:\tmp\theoverify\dist\THEOLOGICUS\quranroots\q40.js
   Compressing: C:\tmp\theoverify\dist\THEOLOGICUS\quranroots\q41.js
   Compressing: C:\tmp\theoverify\dist\THEOLOGICUS\quranroots\q42.js
   Compressing: C:\tmp\theoverify\dist\THEOLOGICUS\quranroots\q43.js
   Compressing: C:\tmp\theoverify\dist\THEOLOGICUS\quranroots\q44.js
   Compressing: C:\tmp\theoverify\dist\THEOLOGICUS\quranroots\q45.js
   Compressing: C:\tmp\theoverify\dist\THEOLOGICUS\quranroots\q46.js
   Compressing: C:\tmp\theoverify\dist\THEOLOGICUS\quranroots\q47.js
   Compressing: C:\tmp\theoverify\dist\THEOLOGICUS\quranroots\q48.js
   Compressing: C:\tmp\theoverify\dist\THEOLOGICUS\quranroots\q49.js
   Compressing: C:\tmp\theoverify\dist\THEOLOGICUS\quranroots\q5.js
   Compressing: C:\tmp\theoverify\dist\THEOLOGICUS\quranroots\q50.js
   Compressing: C:\tmp\theoverify\dist\THEOLOGICUS\quranroots\q51.js
   Compressing: C:\tmp\theoverify\dist\THEOLOGICUS\quranroots\q52.js
   Compressing: C:\tmp\theoverify\dist\THEOLOGICUS\quranroots\q53.js
   Compressing: C:\tmp\theoverify\dist\THEOLOGICUS\quranroots\q54.js
   Compressing: C:\tmp\theoverify\dist\THEOLOGICUS\quranroots\q55.js
   Compressing: C:\tmp\theoverify\dist\THEOLOGICUS\quranroots\q56.js
   Compressing: C:\tmp\theoverify\dist\THEOLOGICUS\quranroots\q57.js
   Compressing: C:\tmp\theoverify\dist\THEOLOGICUS\quranroots\q58.js
   Compressing: C:\tmp\theoverify\dist\THEOLOGICUS\quranroots\q59.js
   Compressing: C:\tmp\theoverify\dist\THEOLOGICUS\quranroots\q6.js
   Compressing: C:\tmp\theoverify\dist\THEOLOGICUS\quranroots\q60.js
   Compressing: C:\tmp\theoverify\dist\THEOLOGICUS\quranroots\q61.js
   Compressing: C:\tmp\theoverify\dist\THEOLOGICUS\quranroots\q62.js
   Compressing: C:\tmp\theoverify\dist\THEOLOGICUS\quranroots\q63.js
   Compressing: C:\tmp\theoverify\dist\THEOLOGICUS\quranroots\q64.js
   Compressing: C:\tmp\theoverify\dist\THEOLOGICUS\quranroots\q65.js
   Compressing: C:\tmp\theoverify\dist\THEOLOGICUS\quranroots\q66.js
   Compressing: C:\tmp\theoverify\dist\THEOLOGICUS\quranroots\q67.js
   Compressing: C:\tmp\theoverify\dist\THEOLOGICUS\quranroots\q68.js
   Compressing: C:\tmp\theoverify\dist\THEOLOGICUS\quranroots\q69.js
   Compressing: C:\tmp\theoverify\dist\THEOLOGICUS\quranroots\q7.js
   Compressing: C:\tmp\theoverify\dist\THEOLOGICUS\quranroots\q70.js
   Compressing: C:\tmp\theoverify\dist\THEOLOGICUS\quranroots\q71.js
   Compressing: C:\tmp\theoverify\dist\THEOLOGICUS\quranroots\q72.js
   Compressing: C:\tmp\theoverify\dist\THEOLOGICUS\quranroots\q73.js
   Compressing: C:\tmp\theoverify\dist\THEOLOGICUS\quranroots\q74.js
   Compressing: C:\tmp\theoverify\dist\THEOLOGICUS\quranroots\q75.js
   Compressing: C:\tmp\theoverify\dist\THEOLOGICUS\quranroots\q76.js
   Compressing: C:\tmp\theoverify\dist\THEOLOGICUS\quranroots\q77.js
   Compressing: C:\tmp\theoverify\dist\THEOLOGICUS\quranroots\q78.js
   Compressing: C:\tmp\theoverify\dist\THEOLOGICUS\quranroots\q79.js
   Compressing: C:\tmp\theoverify\dist\THEOLOGICUS\quranroots\q8.js
   Compressing: C:\tmp\theoverify\dist\THEOLOGICUS\quranroots\q80.js
   Compressing: C:\tmp\theoverify\dist\THEOLOGICUS\quranroots\q81.js
   Compressing: C:\tmp\theoverify\dist\THEOLOGICUS\quranroots\q82.js
   Compressing: C:\tmp\theoverify\dist\THEOLOGICUS\quranroots\q83.js
   Compressing: C:\tmp\theoverify\dist\THEOLOGICUS\quranroots\q84.js
   Compressing: C:\tmp\theoverify\dist\THEOLOGICUS\quranroots\q85.js
   Compressing: C:\tmp\theoverify\dist\THEOLOGICUS\quranroots\q86.js
   Compressing: C:\tmp\theoverify\dist\THEOLOGICUS\quranroots\q87.js
   Compressing: C:\tmp\theoverify\dist\THEOLOGICUS\quranroots\q88.js
   Compressing: C:\tmp\theoverify\dist\THEOLOGICUS\quranroots\q89.js
   Compressing: C:\tmp\theoverify\dist\THEOLOGICUS\quranroots\q9.js
   Compressing: C:\tmp\theoverify\dist\THEOLOGICUS\quranroots\q90.js
   Compressing: C:\tmp\theoverify\dist\THEOLOGICUS\quranroots\q91.js
   Compressing: C:\tmp\theoverify\dist\THEOLOGICUS\quranroots\q92.js
   Compressing: C:\tmp\theoverify\dist\THEOLOGICUS\quranroots\q93.js
   Compressing: C:\tmp\theoverify\dist\THEOLOGICUS\quranroots\q94.js
   Compressing: C:\tmp\theoverify\dist\THEOLOGICUS\quranroots\q95.js
   Compressing: C:\tmp\theoverify\dist\THEOLOGICUS\quranroots\q96.js
   Compressing: C:\tmp\theoverify\dist\THEOLOGICUS\quranroots\q97.js
   Compressing: C:\tmp\theoverify\dist\THEOLOGICUS\quranroots\q98.js
   Compressing: C:\tmp\theoverify\dist\THEOLOGICUS\quranroots\q99.js
   Compressing: C:\tmp\theoverify\dist\THEOLOGICUS\quranwbw\index.js
   Compressing: C:\tmp\theoverify\dist\THEOLOGICUS\quranwbw\q1.js
   Compressing: C:\tmp\theoverify\dist\THEOLOGICUS\quranwbw\q10.js
   Compressing: C:\tmp\theoverify\dist\THEOLOGICUS\quranwbw\q100.js
   Compressing: C:\tmp\theoverify\dist\THEOLOGICUS\quranwbw\q101.js
   Compressing: C:\tmp\theoverify\dist\THEOLOGICUS\quranwbw\q102.js
   Compressing: C:\tmp\theoverify\dist\THEOLOGICUS\quranwbw\q103.js
   Compressing: C:\tmp\theoverify\dist\THEOLOGICUS\quranwbw\q104.js
   Compressing: C:\tmp\theoverify\dist\THEOLOGICUS\quranwbw\q105.js
   Compressing: C:\tmp\theoverify\dist\THEOLOGICUS\quranwbw\q106.js
   Compressing: C:\tmp\theoverify\dist\THEOLOGICUS\quranwbw\q107.js
   Compressing: C:\tmp\theoverify\dist\THEOLOGICUS\quranwbw\q108.js
   Compressing: C:\tmp\theoverify\dist\THEOLOGICUS\quranwbw\q109.js
   Compressing: C:\tmp\theoverify\dist\THEOLOGICUS\quranwbw\q11.js
   Compressing: C:\tmp\theoverify\dist\THEOLOGICUS\quranwbw\q110.js
   Compressing: C:\tmp\theoverify\dist\THEOLOGICUS\quranwbw\q111.js
   Compressing: C:\tmp\theoverify\dist\THEOLOGICUS\quranwbw\q112.js
   Compressing: C:\tmp\theoverify\dist\THEOLOGICUS\quranwbw\q113.js
   Compressing: C:\tmp\theoverify\dist\THEOLOGICUS\quranwbw\q114.js
   Compressing: C:\tmp\theoverify\dist\THEOLOGICUS\quranwbw\q12.js
   Compressing: C:\tmp\theoverify\dist\THEOLOGICUS\quranwbw\q13.js
   Compressing: C:\tmp\theoverify\dist\THEOLOGICUS\quranwbw\q14.js
   Compressing: C:\tmp\theoverify\dist\THEOLOGICUS\quranwbw\q15.js
   Compressing: C:\tmp\theoverify\dist\THEOLOGICUS\quranwbw\q16.js
   Compressing: C:\tmp\theoverify\dist\THEOLOGICUS\quranwbw\q17.js
   Compressing: C:\tmp\theoverify\dist\THEOLOGICUS\quranwbw\q18.js
   Compressing: C:\tmp\theoverify\dist\THEOLOGICUS\quranwbw\q19.js
   Compressing: C:\tmp\theoverify\dist\THEOLOGICUS\quranwbw\q2.js
   Compressing: C:\tmp\theoverify\dist\THEOLOGICUS\quranwbw\q20.js
   Compressing: C:\tmp\theoverify\dist\THEOLOGICUS\quranwbw\q21.js
   Compressing: C:\tmp\theoverify\dist\THEOLOGICUS\quranwbw\q22.js
   Compressing: C:\tmp\theoverify\dist\THEOLOGICUS\quranwbw\q23.js
   Compressing: C:\tmp\theoverify\dist\THEOLOGICUS\quranwbw\q24.js
   Compressing: C:\tmp\theoverify\dist\THEOLOGICUS\quranwbw\q25.js
   Compressing: C:\tmp\theoverify\dist\THEOLOGICUS\quranwbw\q26.js
   Compressing: C:\tmp\theoverify\dist\THEOLOGICUS\quranwbw\q27.js
   Compressing: C:\tmp\theoverify\dist\THEOLOGICUS\quranwbw\q28.js
   Compressing: C:\tmp\theoverify\dist\THEOLOGICUS\quranwbw\q29.js
   Compressing: C:\tmp\theoverify\dist\THEOLOGICUS\quranwbw\q3.js
   Compressing: C:\tmp\theoverify\dist\THEOLOGICUS\quranwbw\q30.js
   Compressing: C:\tmp\theoverify\dist\THEOLOGICUS\quranwbw\q31.js
   Compressing: C:\tmp\theoverify\dist\THEOLOGICUS\quranwbw\q32.js
   Compressing: C:\tmp\theoverify\dist\THEOLOGICUS\quranwbw\q33.js
   Compressing: C:\tmp\theoverify\dist\THEOLOGICUS\quranwbw\q34.js
   Compressing: C:\tmp\theoverify\dist\THEOLOGICUS\quranwbw\q35.js
   Compressing: C:\tmp\theoverify\dist\THEOLOGICUS\quranwbw\q36.js
   Compressing: C:\tmp\theoverify\dist\THEOLOGICUS\quranwbw\q37.js
   Compressing: C:\tmp\theoverify\dist\THEOLOGICUS\quranwbw\q38.js
   Compressing: C:\tmp\theoverify\dist\THEOLOGICUS\quranwbw\q39.js
   Compressing: C:\tmp\theoverify\dist\THEOLOGICUS\quranwbw\q4.js
   Compressing: C:\tmp\theoverify\dist\THEOLOGICUS\quranwbw\q40.js
   Compressing: C:\tmp\theoverify\dist\THEOLOGICUS\quranwbw\q41.js
   Compressing: C:\tmp\theoverify\dist\THEOLOGICUS\quranwbw\q42.js
   Compressing: C:\tmp\theoverify\dist\THEOLOGICUS\quranwbw\q43.js
   Compressing: C:\tmp\theoverify\dist\THEOLOGICUS\quranwbw\q44.js
   Compressing: C:\tmp\theoverify\dist\THEOLOGICUS\quranwbw\q45.js
   Compressing: C:\tmp\theoverify\dist\THEOLOGICUS\quranwbw\q46.js
   Compressing: C:\tmp\theoverify\dist\THEOLOGICUS\quranwbw\q47.js
   Compressing: C:\tmp\theoverify\dist\THEOLOGICUS\quranwbw\q48.js
   Compressing: C:\tmp\theoverify\dist\THEOLOGICUS\quranwbw\q49.js
   Compressing: C:\tmp\theoverify\dist\THEOLOGICUS\quranwbw\q5.js
   Compressing: C:\tmp\theoverify\dist\THEOLOGICUS\quranwbw\q50.js
   Compressing: C:\tmp\theoverify\dist\THEOLOGICUS\quranwbw\q51.js
   Compressing: C:\tmp\theoverify\dist\THEOLOGICUS\quranwbw\q52.js
   Compressing: C:\tmp\theoverify\dist\THEOLOGICUS\quranwbw\q53.js
   Compressing: C:\tmp\theoverify\dist\THEOLOGICUS\quranwbw\q54.js
   Compressing: C:\tmp\theoverify\dist\THEOLOGICUS\quranwbw\q55.js
   Compressing: C:\tmp\theoverify\dist\THEOLOGICUS\quranwbw\q56.js
   Compressing: C:\tmp\theoverify\dist\THEOLOGICUS\quranwbw\q57.js
   Compressing: C:\tmp\theoverify\dist\THEOLOGICUS\quranwbw\q58.js
   Compressing: C:\tmp\theoverify\dist\THEOLOGICUS\quranwbw\q59.js
   Compressing: C:\tmp\theoverify\dist\THEOLOGICUS\quranwbw\q6.js
   Compressing: C:\tmp\theoverify\dist\THEOLOGICUS\quranwbw\q60.js
   Compressing: C:\tmp\theoverify\dist\THEOLOGICUS\quranwbw\q61.js
   Compressing: C:\tmp\theoverify\dist\THEOLOGICUS\quranwbw\q62.js
   Compressing: C:\tmp\theoverify\dist\THEOLOGICUS\quranwbw\q63.js
   Compressing: C:\tmp\theoverify\dist\THEOLOGICUS\quranwbw\q64.js
   Compressing: C:\tmp\theoverify\dist\THEOLOGICUS\quranwbw\q65.js
   Compressing: C:\tmp\theoverify\dist\THEOLOGICUS\quranwbw\q66.js
   Compressing: C:\tmp\theoverify\dist\THEOLOGICUS\quranwbw\q67.js
   Compressing: C:\tmp\theoverify\dist\THEOLOGICUS\quranwbw\q68.js
   Compressing: C:\tmp\theoverify\dist\THEOLOGICUS\quranwbw\q69.js
   Compressing: C:\tmp\theoverify\dist\THEOLOGICUS\quranwbw\q7.js
   Compressing: C:\tmp\theoverify\dist\THEOLOGICUS\quranwbw\q70.js
   Compressing: C:\tmp\theoverify\dist\THEOLOGICUS\quranwbw\q71.js
   Compressing: C:\tmp\theoverify\dist\THEOLOGICUS\quranwbw\q72.js
   Compressing: C:\tmp\theoverify\dist\THEOLOGICUS\quranwbw\q73.js
   Compressing: C:\tmp\theoverify\dist\THEOLOGICUS\quranwbw\q74.js
   Compressing: C:\tmp\theoverify\dist\THEOLOGICUS\quranwbw\q75.js
   Compressing: C:\tmp\theoverify\dist\THEOLOGICUS\quranwbw\q76.js
   Compressing: C:\tmp\theoverify\dist\THEOLOGICUS\quranwbw\q77.js
   Compressing: C:\tmp\theoverify\dist\THEOLOGICUS\quranwbw\q78.js
   Compressing: C:\tmp\theoverify\dist\THEOLOGICUS\quranwbw\q79.js
   Compressing: C:\tmp\theoverify\dist\THEOLOGICUS\quranwbw\q8.js
   Compressing: C:\tmp\theoverify\dist\THEOLOGICUS\quranwbw\q80.js
   Compressing: C:\tmp\theoverify\dist\THEOLOGICUS\quranwbw\q81.js
   Compressing: C:\tmp\theoverify\dist\THEOLOGICUS\quranwbw\q82.js
   Compressing: C:\tmp\theoverify\dist\THEOLOGICUS\quranwbw\q83.js
   Compressing: C:\tmp\theoverify\dist\THEOLOGICUS\quranwbw\q84.js
   Compressing: C:\tmp\theoverify\dist\THEOLOGICUS\quranwbw\q85.js
   Compressing: C:\tmp\theoverify\dist\THEOLOGICUS\quranwbw\q86.js
   Compressing: C:\tmp\theoverify\dist\THEOLOGICUS\quranwbw\q87.js
   Compressing: C:\tmp\theoverify\dist\THEOLOGICUS\quranwbw\q88.js
   Compressing: C:\tmp\theoverify\dist\THEOLOGICUS\quranwbw\q89.js
   Compressing: C:\tmp\theoverify\dist\THEOLOGICUS\quranwbw\q9.js
   Compressing: C:\tmp\theoverify\dist\THEOLOGICUS\quranwbw\q90.js
   Compressing: C:\tmp\theoverify\dist\THEOLOGICUS\quranwbw\q91.js
   Compressing: C:\tmp\theoverify\dist\THEOLOGICUS\quranwbw\q92.js
   Compressing: C:\tmp\theoverify\dist\THEOLOGICUS\quranwbw\q93.js
   Compressing: C:\tmp\theoverify\dist\THEOLOGICUS\quranwbw\q94.js
   Compressing: C:\tmp\theoverify\dist\THEOLOGICUS\quranwbw\q95.js
   Compressing: C:\tmp\theoverify\dist\THEOLOGICUS\quranwbw\q96.js
   Compressing: C:\tmp\theoverify\dist\THEOLOGICUS\quranwbw\q97.js
   Compressing: C:\tmp\theoverify\dist\THEOLOGICUS\quranwbw\q98.js
   Compressing: C:\tmp\theoverify\dist\THEOLOGICUS\quranwbw\q99.js
   Compressing: C:\tmp\theoverify\dist\THEOLOGICUS\reformed\index.js
   Compressing: C:\tmp\theoverify\dist\THEOLOGICUS\reformed\names.js
   Compressing: C:\tmp\theoverify\dist\THEOLOGICUS\reformed\rbavinck_revelation.js
   Compressing: C:\tmp\theoverify\dist\THEOLOGICUS\reformed\rbaxter_pastor.js
   Compressing: C:\tmp\theoverify\dist\THEOLOGICUS\reformed\rbaxter_saints_rest.js
   Compressing: C:\tmp\theoverify\dist\THEOLOGICUS\reformed\rbaxter_unconverted.js
   Compressing: C:\tmp\theoverify\dist\THEOLOGICUS\reformed\rberkhof_summary.js
   Compressing: C:\tmp\theoverify\dist\THEOLOGICUS\reformed\rberkhof_systematictheology.js
   Compressing: C:\tmp\theoverify\dist\THEOLOGICUS\reformed\rbrannan_hstcrcon_02.js
   Compressing: C:\tmp\theoverify\dist\THEOLOGICUS\reformed\rbrannan_hstcrcon_03.js
   Compressing: C:\tmp\theoverify\dist\THEOLOGICUS\reformed\rbrannan_hstcrcon_04.js
   Compressing: C:\tmp\theoverify\dist\THEOLOGICUS\reformed\rbrannan_hstcrcon_05.js
   Compressing: C:\tmp\theoverify\dist\THEOLOGICUS\reformed\rbrannan_hstcrcon_06.js
   Compressing: C:\tmp\theoverify\dist\THEOLOGICUS\reformed\rbrannan_hstcrcon_07.js
   Compressing: C:\tmp\theoverify\dist\THEOLOGICUS\reformed\rbunyan_grace.js
   Compressing: C:\tmp\theoverify\dist\THEOLOGICUS\reformed\rbunyan_holy_war.js
   Compressing: C:\tmp\theoverify\dist\THEOLOGICUS\reformed\rbunyan_pilgrim.js
   Compressing: C:\tmp\theoverify\dist\THEOLOGICUS\reformed\rcalvin_chr_life.js
   Compressing: C:\tmp\theoverify\dist\THEOLOGICUS\reformed\rcalvin_institutes.js
   Compressing: C:\tmp\theoverify\dist\THEOLOGICUS\reformed\rcalvin_prayer.js
   Compressing: C:\tmp\theoverify\dist\THEOLOGICUS\reformed\rcranmer_doctrine.js
   Compressing: C:\tmp\theoverify\dist\THEOLOGICUS\reformed\redwards_affections.js
   Compressing: C:\tmp\theoverify\dist\THEOLOGICUS\reformed\redwards_sermons.js
   Compressing: C:\tmp\theoverify\dist\THEOLOGICUS\reformed\redwards_treatiseongrace.js
   Compressing: C:\tmp\theoverify\dist\THEOLOGICUS\reformed\redwards_will.js
   Compressing: C:\tmp\theoverify\dist\THEOLOGICUS\reformed\rhodge_theology1.js
   Compressing: C:\tmp\theoverify\dist\THEOLOGICUS\reformed\rhodge_theology2.js
   Compressing: C:\tmp\theoverify\dist\THEOLOGICUS\reformed\rhodge_theology3.js
   Compressing: C:\tmp\theoverify\dist\THEOLOGICUS\reformed\rknox_prayer.js
   Compressing: C:\tmp\theoverify\dist\THEOLOGICUS\reformed\rluther_bondage.js
   Compressing: C:\tmp\theoverify\dist\THEOLOGICUS\reformed\rluther_christianliberty.js
   Compressing: C:\tmp\theoverify\dist\THEOLOGICUS\reformed\rluther_first_prin.js
   Compressing: C:\tmp\theoverify\dist\THEOLOGICUS\reformed\rluther_galatians.js
   Compressing: C:\tmp\theoverify\dist\THEOLOGICUS\reformed\rluther_good_works.js
   Compressing: C:\tmp\theoverify\dist\THEOLOGICUS\reformed\rluther_largecatechism.js
   Compressing: C:\tmp\theoverify\dist\THEOLOGICUS\reformed\rluther_prefacetoromans.js
   Compressing: C:\tmp\theoverify\dist\THEOLOGICUS\reformed\rluther_smalcald.js
   Compressing: C:\tmp\theoverify\dist\THEOLOGICUS\reformed\rluther_smallcat.js
   Compressing: C:\tmp\theoverify\dist\THEOLOGICUS\reformed\rluther_tabletalk.js
   Compressing: C:\tmp\theoverify\dist\THEOLOGICUS\reformed\rmelanchthon_apology.js
   Compressing: C:\tmp\theoverify\dist\THEOLOGICUS\reformed\rowen_communion.js
   Compressing: C:\tmp\theoverify\dist\THEOLOGICUS\reformed\rowen_deathofdeath.js
   Compressing: C:\tmp\theoverify\dist\THEOLOGICUS\reformed\rowen_display.js
   Compressing: C:\tmp\theoverify\dist\THEOLOGICUS\reformed\rowen_glory.js
   Compressing: C:\tmp\theoverify\dist\THEOLOGICUS\reformed\rowen_indwellingsin.js
   Compressing: C:\tmp\theoverify\dist\THEOLOGICUS\reformed\rowen_just.js
   Compressing: C:\tmp\theoverify\dist\THEOLOGICUS\reformed\rowen_mort.js
   Compressing: C:\tmp\theoverify\dist\THEOLOGICUS\reformed\rowen_temptation.js
   Compressing: C:\tmp\theoverify\dist\THEOLOGICUS\reformed\rowen_trinity.js
   Compressing: C:\tmp\theoverify\dist\THEOLOGICUS\reformed\rschaff_creeds2.js
   Compressing: C:\tmp\theoverify\dist\THEOLOGICUS\reformed\rschaff_creeds3_00.js
   Compressing: C:\tmp\theoverify\dist\THEOLOGICUS\reformed\rschaff_creeds3_01.js
   Compressing: C:\tmp\theoverify\dist\THEOLOGICUS\reformed\rschaff_creeds3_02.js
   Compressing: C:\tmp\theoverify\dist\THEOLOGICUS\reformed\rschaff_creeds3_03.js
   Compressing: C:\tmp\theoverify\dist\THEOLOGICUS\reformed\rschaff_creeds3_04.js
   Compressing: C:\tmp\theoverify\dist\THEOLOGICUS\reformed\rschaff_creeds3_05.js
   Compressing: C:\tmp\theoverify\dist\THEOLOGICUS\reformed\rschaff_creeds3_06.js
   Compressing: C:\tmp\theoverify\dist\THEOLOGICUS\reformed\rschaff_creeds3_07.js
   Compressing: C:\tmp\theoverify\dist\THEOLOGICUS\reformed\rschaff_creeds3_08.js
   Compressing: C:\tmp\theoverify\dist\THEOLOGICUS\reformed\rschaff_creeds3_09.js
   Compressing: C:\tmp\theoverify\dist\THEOLOGICUS\reformed\rschaff_creeds3_10.js
   Compressing: C:\tmp\theoverify\dist\THEOLOGICUS\reformed\rschaff_creeds3_11.js
   Compressing: C:\tmp\theoverify\dist\THEOLOGICUS\reformed\rschaff_creeds3_12.js
   Compressing: C:\tmp\theoverify\dist\THEOLOGICUS\reformed\rschaff_creeds3_13.js
   Compressing: C:\tmp\theoverify\dist\THEOLOGICUS\reformed\rschaff_creeds3_14.js
   Compressing: C:\tmp\theoverify\dist\THEOLOGICUS\reformed\rschaff_creeds3_15.js
   Compressing: C:\tmp\theoverify\dist\THEOLOGICUS\reformed\rschaff_creeds3_16.js
   Compressing: C:\tmp\theoverify\dist\THEOLOGICUS\reformed\rschaff_creeds3_17.js
   Compressing: C:\tmp\theoverify\dist\THEOLOGICUS\reformed\rschaff_creeds3_18.js
   Compressing: C:\tmp\theoverify\dist\THEOLOGICUS\reformed\rschaff_creeds3_19.js
   Compressing: C:\tmp\theoverify\dist\THEOLOGICUS\reformed\rschaff_creeds3_20.js
   Compressing: C:\tmp\theoverify\dist\THEOLOGICUS\reformed\rschaff_creeds3_21.js
   Compressing: C:\tmp\theoverify\dist\THEOLOGICUS\reformed\rschaff_creeds3_22.js
   Compressing: C:\tmp\theoverify\dist\THEOLOGICUS\reformed\rschaff_creeds3_23.js
   Compressing: C:\tmp\theoverify\dist\THEOLOGICUS\reformed\rschaff_creeds3_24.js
   Compressing: C:\tmp\theoverify\dist\THEOLOGICUS\reformed\rschaff_creeds3_25.js
   Compressing: C:\tmp\theoverify\dist\THEOLOGICUS\reformed\rschaff_creeds3_26.js
   Compressing: C:\tmp\theoverify\dist\THEOLOGICUS\reformed\rschaff_creeds3_27.js
   Compressing: C:\tmp\theoverify\dist\THEOLOGICUS\reformed\rschaff_creeds3_28.js
   Compressing: C:\tmp\theoverify\dist\THEOLOGICUS\reformed\rschaff_creeds3_29.js
   Compressing: C:\tmp\theoverify\dist\THEOLOGICUS\reformed\rschaff_creeds3_30.js
   Compressing: C:\tmp\theoverify\dist\THEOLOGICUS\reformed\rschaff_creeds3_31.js
   Compressing: C:\tmp\theoverify\dist\THEOLOGICUS\reformed\rschaff_creeds3_32.js
   Compressing: C:\tmp\theoverify\dist\THEOLOGICUS\reformed\rschaff_creeds3_33.js
   Compressing: C:\tmp\theoverify\dist\THEOLOGICUS\reformed\rschaff_creeds3_34.js
   Compressing: C:\tmp\theoverify\dist\THEOLOGICUS\reformed\rschaff_creeds3_35.js
   Compressing: C:\tmp\theoverify\dist\THEOLOGICUS\reformed\rschaff_creeds3_36.js
   Compressing: C:\tmp\theoverify\dist\THEOLOGICUS\reformed\rschaff_creeds3_37.js
   Compressing: C:\tmp\theoverify\dist\THEOLOGICUS\reformed\rschaff_creeds3_38.js
   Compressing: C:\tmp\theoverify\dist\THEOLOGICUS\reformed\rschaff_creeds3_39.js
   Compressing: C:\tmp\theoverify\dist\THEOLOGICUS\reformed\rspurgeon_catechism.js
   Compressing: C:\tmp\theoverify\dist\THEOLOGICUS\reformed\rspurgeon_grace.js
   Compressing: C:\tmp\theoverify\dist\THEOLOGICUS\reformed\rwesley_perfection.js
   Compressing: C:\tmp\theoverify\dist\THEOLOGICUS\summa\index.js
   Compressing: C:\tmp\theoverify\dist\THEOLOGICUS\summa\s1001.js
   Compressing: C:\tmp\theoverify\dist\THEOLOGICUS\summa\s1002.js
   Compressing: C:\tmp\theoverify\dist\THEOLOGICUS\summa\s1003.js
   Compressing: C:\tmp\theoverify\dist\THEOLOGICUS\summa\s1004.js
   Compressing: C:\tmp\theoverify\dist\THEOLOGICUS\summa\s1005.js
   Compressing: C:\tmp\theoverify\dist\THEOLOGICUS\summa\s1006.js
   Compressing: C:\tmp\theoverify\dist\THEOLOGICUS\summa\s1007.js
   Compressing: C:\tmp\theoverify\dist\THEOLOGICUS\summa\s1008.js
   Compressing: C:\tmp\theoverify\dist\THEOLOGICUS\summa\s1009.js
   Compressing: C:\tmp\theoverify\dist\THEOLOGICUS\summa\s1010.js
   Compressing: C:\tmp\theoverify\dist\THEOLOGICUS\summa\s1011.js
   Compressing: C:\tmp\theoverify\dist\THEOLOGICUS\summa\s1012.js
   Compressing: C:\tmp\theoverify\dist\THEOLOGICUS\summa\s1013.js
   Compressing: C:\tmp\theoverify\dist\THEOLOGICUS\summa\s1014.js
   Compressing: C:\tmp\theoverify\dist\THEOLOGICUS\summa\s1015.js
   Compressing: C:\tmp\theoverify\dist\THEOLOGICUS\summa\s1016.js
   Compressing: C:\tmp\theoverify\dist\THEOLOGICUS\summa\s1017.js
   Compressing: C:\tmp\theoverify\dist\THEOLOGICUS\summa\s1018.js
   Compressing: C:\tmp\theoverify\dist\THEOLOGICUS\summa\s1019.js
   Compressing: C:\tmp\theoverify\dist\THEOLOGICUS\summa\s1020.js
   Compressing: C:\tmp\theoverify\dist\THEOLOGICUS\summa\s1021.js
   Compressing: C:\tmp\theoverify\dist\THEOLOGICUS\summa\s1022.js
   Compressing: C:\tmp\theoverify\dist\THEOLOGICUS\summa\s1023.js
   Compressing: C:\tmp\theoverify\dist\THEOLOGICUS\summa\s1024.js
   Compressing: C:\tmp\theoverify\dist\THEOLOGICUS\summa\s1025.js
   Compressing: C:\tmp\theoverify\dist\THEOLOGICUS\summa\s1026.js
   Compressing: C:\tmp\theoverify\dist\THEOLOGICUS\summa\s1027.js
   Compressing: C:\tmp\theoverify\dist\THEOLOGICUS\summa\s1028.js
   Compressing: C:\tmp\theoverify\dist\THEOLOGICUS\summa\s1029.js
   Compressing: C:\tmp\theoverify\dist\THEOLOGICUS\summa\s1030.js
   Compressing: C:\tmp\theoverify\dist\THEOLOGICUS\summa\s1031.js
   Compressing: C:\tmp\theoverify\dist\THEOLOGICUS\summa\s1032.js
   Compressing: C:\tmp\theoverify\dist\THEOLOGICUS\summa\s1033.js
   Compressing: C:\tmp\theoverify\dist\THEOLOGICUS\summa\s1034.js
   Compressing: C:\tmp\theoverify\dist\THEOLOGICUS\summa\s1035.js
   Compressing: C:\tmp\theoverify\dist\THEOLOGICUS\summa\s1036.js
   Compressing: C:\tmp\theoverify\dist\THEOLOGICUS\summa\s1037.js
   Compressing: C:\tmp\theoverify\dist\THEOLOGICUS\summa\s1038.js
   Compressing: C:\tmp\theoverify\dist\THEOLOGICUS\summa\s1039.js
   Compressing: C:\tmp\theoverify\dist\THEOLOGICUS\summa\s1040.js
   Compressing: C:\tmp\theoverify\dist\THEOLOGICUS\summa\s1041.js
   Compressing: C:\tmp\theoverify\dist\THEOLOGICUS\summa\s1042.js
   Compressing: C:\tmp\theoverify\dist\THEOLOGICUS\summa\s1043.js
   Compressing: C:\tmp\theoverify\dist\THEOLOGICUS\summa\s1044.js
   Compressing: C:\tmp\theoverify\dist\THEOLOGICUS\summa\s1045.js
   Compressing: C:\tmp\theoverify\dist\THEOLOGICUS\summa\s1046.js
   Compressing: C:\tmp\theoverify\dist\THEOLOGICUS\summa\s1047.js
   Compressing: C:\tmp\theoverify\dist\THEOLOGICUS\summa\s1048.js
   Compressing: C:\tmp\theoverify\dist\THEOLOGICUS\summa\s1049.js
   Compressing: C:\tmp\theoverify\dist\THEOLOGICUS\summa\s1050.js
   Compressing: C:\tmp\theoverify\dist\THEOLOGICUS\summa\s1051.js
   Compressing: C:\tmp\theoverify\dist\THEOLOGICUS\summa\s1052.js
   Compressing: C:\tmp\theoverify\dist\THEOLOGICUS\summa\s1053.js
   Compressing: C:\tmp\theoverify\dist\THEOLOGICUS\summa\s1054.js
   Compressing: C:\tmp\theoverify\dist\THEOLOGICUS\summa\s1055.js
   Compressing: C:\tmp\theoverify\dist\THEOLOGICUS\summa\s1056.js
   Compressing: C:\tmp\theoverify\dist\THEOLOGICUS\summa\s1057.js
   Compressing: C:\tmp\theoverify\dist\THEOLOGICUS\summa\s1058.js
   Compressing: C:\tmp\theoverify\dist\THEOLOGICUS\summa\s1059.js
   Compressing: C:\tmp\theoverify\dist\THEOLOGICUS\summa\s1060.js
   Compressing: C:\tmp\theoverify\dist\THEOLOGICUS\summa\s1061.js
   Compressing: C:\tmp\theoverify\dist\THEOLOGICUS\summa\s1062.js
   Compressing: C:\tmp\theoverify\dist\THEOLOGICUS\summa\s1063.js
   Compressing: C:\tmp\theoverify\dist\THEOLOGICUS\summa\s1064.js
   Compressing: C:\tmp\theoverify\dist\THEOLOGICUS\summa\s1065.js
   Compressing: C:\tmp\theoverify\dist\THEOLOGICUS\summa\s1066.js
   Compressing: C:\tmp\theoverify\dist\THEOLOGICUS\summa\s1067.js
   Compressing: C:\tmp\theoverify\dist\THEOLOGICUS\summa\s1068.js
   Compressing: C:\tmp\theoverify\dist\THEOLOGICUS\summa\s1069.js
   Compressing: C:\tmp\theoverify\dist\THEOLOGICUS\summa\s1070.js
   Compressing: C:\tmp\theoverify\dist\THEOLOGICUS\summa\s1071.js
   Compressing: C:\tmp\theoverify\dist\THEOLOGICUS\summa\s1072.js
   Compressing: C:\tmp\theoverify\dist\THEOLOGICUS\summa\s1073.js
   Compressing: C:\tmp\theoverify\dist\THEOLOGICUS\summa\s1074.js
   Compressing: C:\tmp\theoverify\dist\THEOLOGICUS\summa\s1075.js
   Compressing: C:\tmp\theoverify\dist\THEOLOGICUS\summa\s1076.js
   Compressing: C:\tmp\theoverify\dist\THEOLOGICUS\summa\s1077.js
   Compressing: C:\tmp\theoverify\dist\THEOLOGICUS\summa\s1078.js
   Compressing: C:\tmp\theoverify\dist\THEOLOGICUS\summa\s1079.js
   Compressing: C:\tmp\theoverify\dist\THEOLOGICUS\summa\s1080.js
   Compressing: C:\tmp\theoverify\dist\THEOLOGICUS\summa\s1081.js
   Compressing: C:\tmp\theoverify\dist\THEOLOGICUS\summa\s1082.js
   Compressing: C:\tmp\theoverify\dist\THEOLOGICUS\summa\s1083.js
   Compressing: C:\tmp\theoverify\dist\THEOLOGICUS\summa\s1084.js
   Compressing: C:\tmp\theoverify\dist\THEOLOGICUS\summa\s1085.js
   Compressing: C:\tmp\theoverify\dist\THEOLOGICUS\summa\s1086.js
   Compressing: C:\tmp\theoverify\dist\THEOLOGICUS\summa\s1087.js
   Compressing: C:\tmp\theoverify\dist\THEOLOGICUS\summa\s1088.js
   Compressing: C:\tmp\theoverify\dist\THEOLOGICUS\summa\s1089.js
   Compressing: C:\tmp\theoverify\dist\THEOLOGICUS\summa\s1090.js
   Compressing: C:\tmp\theoverify\dist\THEOLOGICUS\summa\s1091.js
   Compressing: C:\tmp\theoverify\dist\THEOLOGICUS\summa\s1092.js
   Compressing: C:\tmp\theoverify\dist\THEOLOGICUS\summa\s1093.js
   Compressing: C:\tmp\theoverify\dist\THEOLOGICUS\summa\s1094.js
   Compressing: C:\tmp\theoverify\dist\THEOLOGICUS\summa\s1095.js
   Compressing: C:\tmp\theoverify\dist\THEOLOGICUS\summa\s1096.js
   Compressing: C:\tmp\theoverify\dist\THEOLOGICUS\summa\s1097.js
   Compressing: C:\tmp\theoverify\dist\THEOLOGICUS\summa\s1098.js
   Compressing: C:\tmp\theoverify\dist\THEOLOGICUS\summa\s1099.js
   Compressing: C:\tmp\theoverify\dist\THEOLOGICUS\summa\s1100.js
   Compressing: C:\tmp\theoverify\dist\THEOLOGICUS\summa\s1101.js
   Compressing: C:\tmp\theoverify\dist\THEOLOGICUS\summa\s1102.js
   Compressing: C:\tmp\theoverify\dist\THEOLOGICUS\summa\s1103.js
   Compressing: C:\tmp\theoverify\dist\THEOLOGICUS\summa\s1104.js
   Compressing: C:\tmp\theoverify\dist\THEOLOGICUS\summa\s1105.js
   Compressing: C:\tmp\theoverify\dist\THEOLOGICUS\summa\s1106.js
   Compressing: C:\tmp\theoverify\dist\THEOLOGICUS\summa\s1107.js
   Compressing: C:\tmp\theoverify\dist\THEOLOGICUS\summa\s1108.js
   Compressing: C:\tmp\theoverify\dist\THEOLOGICUS\summa\s1109.js
   Compressing: C:\tmp\theoverify\dist\THEOLOGICUS\summa\s1110.js
   Compressing: C:\tmp\theoverify\dist\THEOLOGICUS\summa\s1111.js
   Compressing: C:\tmp\theoverify\dist\THEOLOGICUS\summa\s1112.js
   Compressing: C:\tmp\theoverify\dist\THEOLOGICUS\summa\s1113.js
   Compressing: C:\tmp\theoverify\dist\THEOLOGICUS\summa\s1114.js
   Compressing: C:\tmp\theoverify\dist\THEOLOGICUS\summa\s1115.js
   Compressing: C:\tmp\theoverify\dist\THEOLOGICUS\summa\s1116.js
   Compressing: C:\tmp\theoverify\dist\THEOLOGICUS\summa\s1117.js
   Compressing: C:\tmp\theoverify\dist\THEOLOGICUS\summa\s1118.js
   Compressing: C:\tmp\theoverify\dist\THEOLOGICUS\summa\s1119.js
   Compressing: C:\tmp\theoverify\dist\THEOLOGICUS\summa\s2001.js
   Compressing: C:\tmp\theoverify\dist\THEOLOGICUS\summa\s2002.js
   Compressing: C:\tmp\theoverify\dist\THEOLOGICUS\summa\s2003.js
   Compressing: C:\tmp\theoverify\dist\THEOLOGICUS\summa\s2004.js
   Compressing: C:\tmp\theoverify\dist\THEOLOGICUS\summa\s2005.js
   Compressing: C:\tmp\theoverify\dist\THEOLOGICUS\summa\s2006.js
   Compressing: C:\tmp\theoverify\dist\THEOLOGICUS\summa\s2007.js
   Compressing: C:\tmp\theoverify\dist\THEOLOGICUS\summa\s2008.js
   Compressing: C:\tmp\theoverify\dist\THEOLOGICUS\summa\s2009.js
   Compressing: C:\tmp\theoverify\dist\THEOLOGICUS\summa\s2010.js
   Compressing: C:\tmp\theoverify\dist\THEOLOGICUS\summa\s2011.js
   Compressing: C:\tmp\theoverify\dist\THEOLOGICUS\summa\s2012.js
   Compressing: C:\tmp\theoverify\dist\THEOLOGICUS\summa\s2013.js
   Compressing: C:\tmp\theoverify\dist\THEOLOGICUS\summa\s2014.js
   Compressing: C:\tmp\theoverify\dist\THEOLOGICUS\summa\s2015.js
   Compressing: C:\tmp\theoverify\dist\THEOLOGICUS\summa\s2016.js
   Compressing: C:\tmp\theoverify\dist\THEOLOGICUS\summa\s2017.js
   Compressing: C:\tmp\theoverify\dist\THEOLOGICUS\summa\s2018.js
   Compressing: C:\tmp\theoverify\dist\THEOLOGICUS\summa\s2019.js
   Compressing: C:\tmp\theoverify\dist\THEOLOGICUS\summa\s2020.js
   Compressing: C:\tmp\theoverify\dist\THEOLOGICUS\summa\s2021.js
   Compressing: C:\tmp\theoverify\dist\THEOLOGICUS\summa\s2022.js
   Compressing: C:\tmp\theoverify\dist\THEOLOGICUS\summa\s2023.js
   Compressing: C:\tmp\theoverify\dist\THEOLOGICUS\summa\s2024.js
   Compressing: C:\tmp\theoverify\dist\THEOLOGICUS\summa\s2025.js
   Compressing: C:\tmp\theoverify\dist\THEOLOGICUS\summa\s2026.js
   Compressing: C:\tmp\theoverify\dist\THEOLOGICUS\summa\s2027.js
   Compressing: C:\tmp\theoverify\dist\THEOLOGICUS\summa\s2028.js
   Compressing: C:\tmp\theoverify\dist\THEOLOGICUS\summa\s2029.js
   Compressing: C:\tmp\theoverify\dist\THEOLOGICUS\summa\s2030.js
   Compressing: C:\tmp\theoverify\dist\THEOLOGICUS\summa\s2031.js
   Compressing: C:\tmp\theoverify\dist\THEOLOGICUS\summa\s2032.js
   Compressing: C:\tmp\theoverify\dist\THEOLOGICUS\summa\s2033.js
   Compressing: C:\tmp\theoverify\dist\THEOLOGICUS\summa\s2034.js
   Compressing: C:\tmp\theoverify\dist\THEOLOGICUS\summa\s2035.js
   Compressing: C:\tmp\theoverify\dist\THEOLOGICUS\summa\s2036.js
   Compressing: C:\tmp\theoverify\dist\THEOLOGICUS\summa\s2037.js
   Compressing: C:\tmp\theoverify\dist\THEOLOGICUS\summa\s2038.js
   Compressing: C:\tmp\theoverify\dist\THEOLOGICUS\summa\s2039.js
   Compressing: C:\tmp\theoverify\dist\THEOLOGICUS\summa\s2040.js
   Compressing: C:\tmp\theoverify\dist\THEOLOGICUS\summa\s2041.js
   Compressing: C:\tmp\theoverify\dist\THEOLOGICUS\summa\s2042.js
   Compressing: C:\tmp\theoverify\dist\THEOLOGICUS\summa\s2043.js
   Compressing: C:\tmp\theoverify\dist\THEOLOGICUS\summa\s2044.js
   Compressing: C:\tmp\theoverify\dist\THEOLOGICUS\summa\s2045.js
   Compressing: C:\tmp\theoverify\dist\THEOLOGICUS\summa\s2046.js
   Compressing: C:\tmp\theoverify\dist\THEOLOGICUS\summa\s2047.js
   Compressing: C:\tmp\theoverify\dist\THEOLOGICUS\summa\s2048.js
   Compressing: C:\tmp\theoverify\dist\THEOLOGICUS\summa\s2049.js
   Compressing: C:\tmp\theoverify\dist\THEOLOGICUS\summa\s2050.js
   Compressing: C:\tmp\theoverify\dist\THEOLOGICUS\summa\s2051.js
   Compressing: C:\tmp\theoverify\dist\THEOLOGICUS\summa\s2052.js
   Compressing: C:\tmp\theoverify\dist\THEOLOGICUS\summa\s2053.js
   Compressing: C:\tmp\theoverify\dist\THEOLOGICUS\summa\s2054.js
   Compressing: C:\tmp\theoverify\dist\THEOLOGICUS\summa\s2055.js
   Compressing: C:\tmp\theoverify\dist\THEOLOGICUS\summa\s2056.js
   Compressing: C:\tmp\theoverify\dist\THEOLOGICUS\summa\s2057.js
   Compressing: C:\tmp\theoverify\dist\THEOLOGICUS\summa\s2058.js
   Compressing: C:\tmp\theoverify\dist\THEOLOGICUS\summa\s2059.js
   Compressing: C:\tmp\theoverify\dist\THEOLOGICUS\summa\s2060.js
   Compressing: C:\tmp\theoverify\dist\THEOLOGICUS\summa\s2061.js
   Compressing: C:\tmp\theoverify\dist\THEOLOGICUS\summa\s2062.js
   Compressing: C:\tmp\theoverify\dist\THEOLOGICUS\summa\s2063.js
   Compressing: C:\tmp\theoverify\dist\THEOLOGICUS\summa\s2064.js
   Compressing: C:\tmp\theoverify\dist\THEOLOGICUS\summa\s2065.js
   Compressing: C:\tmp\theoverify\dist\THEOLOGICUS\summa\s2066.js
   Compressing: C:\tmp\theoverify\dist\THEOLOGICUS\summa\s2067.js
   Compressing: C:\tmp\theoverify\dist\THEOLOGICUS\summa\s2068.js
   Compressing: C:\tmp\theoverify\dist\THEOLOGICUS\summa\s2069.js
   Compressing: C:\tmp\theoverify\dist\THEOLOGICUS\summa\s2070.js
   Compressing: C:\tmp\theoverify\dist\THEOLOGICUS\summa\s2071.js
   Compressing: C:\tmp\theoverify\dist\THEOLOGICUS\summa\s2072.js
   Compressing: C:\tmp\theoverify\dist\THEOLOGICUS\summa\s2073.js
   Compressing: C:\tmp\theoverify\dist\THEOLOGICUS\summa\s2074.js
   Compressing: C:\tmp\theoverify\dist\THEOLOGICUS\summa\s2075.js
   Compressing: C:\tmp\theoverify\dist\THEOLOGICUS\summa\s2076.js
   Compressing: C:\tmp\theoverify\dist\THEOLOGICUS\summa\s2077.js
   Compressing: C:\tmp\theoverify\dist\THEOLOGICUS\summa\s2078.js
   Compressing: C:\tmp\theoverify\dist\THEOLOGICUS\summa\s2079.js
   Compressing: C:\tmp\theoverify\dist\THEOLOGICUS\summa\s2080.js
   Compressing: C:\tmp\theoverify\dist\THEOLOGICUS\summa\s2081.js
   Compressing: C:\tmp\theoverify\dist\THEOLOGICUS\summa\s2082.js
   Compressing: C:\tmp\theoverify\dist\THEOLOGICUS\summa\s2083.js
   Compressing: C:\tmp\theoverify\dist\THEOLOGICUS\summa\s2084.js
   Compressing: C:\tmp\theoverify\dist\THEOLOGICUS\summa\s2085.js
   Compressing: C:\tmp\theoverify\dist\THEOLOGICUS\summa\s2086.js
   Compressing: C:\tmp\theoverify\dist\THEOLOGICUS\summa\s2087.js
   Compressing: C:\tmp\theoverify\dist\THEOLOGICUS\summa\s2088.js
   Compressing: C:\tmp\theoverify\dist\THEOLOGICUS\summa\s2089.js
   Compressing: C:\tmp\theoverify\dist\THEOLOGICUS\summa\s2090.js
   Compressing: C:\tmp\theoverify\dist\THEOLOGICUS\summa\s2091.js
   Compressing: C:\tmp\theoverify\dist\THEOLOGICUS\summa\s2092.js
   Compressing: C:\tmp\theoverify\dist\THEOLOGICUS\summa\s2093.js
   Compressing: C:\tmp\theoverify\dist\THEOLOGICUS\summa\s2094.js
   Compressing: C:\tmp\theoverify\dist\THEOLOGICUS\summa\s2095.js
   Compressing: C:\tmp\theoverify\dist\THEOLOGICUS\summa\s2096.js
   Compressing: C:\tmp\theoverify\dist\THEOLOGICUS\summa\s2097.js
   Compressing: C:\tmp\theoverify\dist\THEOLOGICUS\summa\s2098.js
   Compressing: C:\tmp\theoverify\dist\THEOLOGICUS\summa\s2099.js
   Compressing: C:\tmp\theoverify\dist\THEOLOGICUS\summa\s2100.js
   Compressing: C:\tmp\theoverify\dist\THEOLOGICUS\summa\s2101.js
   Compressing: C:\tmp\theoverify\dist\THEOLOGICUS\summa\s2102.js
   Compressing: C:\tmp\theoverify\dist\THEOLOGICUS\summa\s2103.js
   Compressing: C:\tmp\theoverify\dist\THEOLOGICUS\summa\s2104.js
   Compressing: C:\tmp\theoverify\dist\THEOLOGICUS\summa\s2105.js
   Compressing: C:\tmp\theoverify\dist\THEOLOGICUS\summa\s2106.js
   Compressing: C:\tmp\theoverify\dist\THEOLOGICUS\summa\s2107.js
   Compressing: C:\tmp\theoverify\dist\THEOLOGICUS\summa\s2108.js
   Compressing: C:\tmp\theoverify\dist\THEOLOGICUS\summa\s2109.js
   Compressing: C:\tmp\theoverify\dist\THEOLOGICUS\summa\s2110.js
   Compressing: C:\tmp\theoverify\dist\THEOLOGICUS\summa\s2111.js
   Compressing: C:\tmp\theoverify\dist\THEOLOGICUS\summa\s2112.js
   Compressing: C:\tmp\theoverify\dist\THEOLOGICUS\summa\s2113.js
   Compressing: C:\tmp\theoverify\dist\THEOLOGICUS\summa\s2114.js
   Compressing: C:\tmp\theoverify\dist\THEOLOGICUS\summa\s3001.js
   Compressing: C:\tmp\theoverify\dist\THEOLOGICUS\summa\s3002.js
   Compressing: C:\tmp\theoverify\dist\THEOLOGICUS\summa\s3003.js
   Compressing: C:\tmp\theoverify\dist\THEOLOGICUS\summa\s3004.js
   Compressing: C:\tmp\theoverify\dist\THEOLOGICUS\summa\s3005.js
   Compressing: C:\tmp\theoverify\dist\THEOLOGICUS\summa\s3006.js
   Compressing: C:\tmp\theoverify\dist\THEOLOGICUS\summa\s3007.js
   Compressing: C:\tmp\theoverify\dist\THEOLOGICUS\summa\s3008.js
   Compressing: C:\tmp\theoverify\dist\THEOLOGICUS\summa\s3009.js
   Compressing: C:\tmp\theoverify\dist\THEOLOGICUS\summa\s3010.js
   Compressing: C:\tmp\theoverify\dist\THEOLOGICUS\summa\s3011.js
   Compressing: C:\tmp\theoverify\dist\THEOLOGICUS\summa\s3012.js
   Compressing: C:\tmp\theoverify\dist\THEOLOGICUS\summa\s3013.js
   Compressing: C:\tmp\theoverify\dist\THEOLOGICUS\summa\s3014.js
   Compressing: C:\tmp\theoverify\dist\THEOLOGICUS\summa\s3015.js
   Compressing: C:\tmp\theoverify\dist\THEOLOGICUS\summa\s3016.js
   Compressing: C:\tmp\theoverify\dist\THEOLOGICUS\summa\s3017.js
   Compressing: C:\tmp\theoverify\dist\THEOLOGICUS\summa\s3018.js
   Compressing: C:\tmp\theoverify\dist\THEOLOGICUS\summa\s3019.js
   Compressing: C:\tmp\theoverify\dist\THEOLOGICUS\summa\s3020.js
   Compressing: C:\tmp\theoverify\dist\THEOLOGICUS\summa\s3021.js
   Compressing: C:\tmp\theoverify\dist\THEOLOGICUS\summa\s3022.js
   Compressing: C:\tmp\theoverify\dist\THEOLOGICUS\summa\s3023.js
   Compressing: C:\tmp\theoverify\dist\THEOLOGICUS\summa\s3024.js
   Compressing: C:\tmp\theoverify\dist\THEOLOGICUS\summa\s3025.js
   Compressing: C:\tmp\theoverify\dist\THEOLOGICUS\summa\s3026.js
   Compressing: C:\tmp\theoverify\dist\THEOLOGICUS\summa\s3027.js
   Compressing: C:\tmp\theoverify\dist\THEOLOGICUS\summa\s3028.js
   Compressing: C:\tmp\theoverify\dist\THEOLOGICUS\summa\s3029.js
   Compressing: C:\tmp\theoverify\dist\THEOLOGICUS\summa\s3030.js
   Compressing: C:\tmp\theoverify\dist\THEOLOGICUS\summa\s3031.js
   Compressing: C:\tmp\theoverify\dist\THEOLOGICUS\summa\s3032.js
   Compressing: C:\tmp\theoverify\dist\THEOLOGICUS\summa\s3033.js
   Compressing: C:\tmp\theoverify\dist\THEOLOGICUS\summa\s3034.js
   Compressing: C:\tmp\theoverify\dist\THEOLOGICUS\summa\s3035.js
   Compressing: C:\tmp\theoverify\dist\THEOLOGICUS\summa\s3036.js
   Compressing: C:\tmp\theoverify\dist\THEOLOGICUS\summa\s3037.js
   Compressing: C:\tmp\theoverify\dist\THEOLOGICUS\summa\s3038.js
   Compressing: C:\tmp\theoverify\dist\THEOLOGICUS\summa\s3039.js
   Compressing: C:\tmp\theoverify\dist\THEOLOGICUS\summa\s3040.js
   Compressing: C:\tmp\theoverify\dist\THEOLOGICUS\summa\s3041.js
   Compressing: C:\tmp\theoverify\dist\THEOLOGICUS\summa\s3042.js
   Compressing: C:\tmp\theoverify\dist\THEOLOGICUS\summa\s3043.js
   Compressing: C:\tmp\theoverify\dist\THEOLOGICUS\summa\s3044.js
   Compressing: C:\tmp\theoverify\dist\THEOLOGICUS\summa\s3045.js
   Compressing: C:\tmp\theoverify\dist\THEOLOGICUS\summa\s3046.js
   Compressing: C:\tmp\theoverify\dist\THEOLOGICUS\summa\s3047.js
   Compressing: C:\tmp\theoverify\dist\THEOLOGICUS\summa\s3048.js
   Compressing: C:\tmp\theoverify\dist\THEOLOGICUS\summa\s3049.js
   Compressing: C:\tmp\theoverify\dist\THEOLOGICUS\summa\s3050.js
   Compressing: C:\tmp\theoverify\dist\THEOLOGICUS\summa\s3051.js
   Compressing: C:\tmp\theoverify\dist\THEOLOGICUS\summa\s3052.js
   Compressing: C:\tmp\theoverify\dist\THEOLOGICUS\summa\s3053.js
   Compressing: C:\tmp\theoverify\dist\THEOLOGICUS\summa\s3054.js
   Compressing: C:\tmp\theoverify\dist\THEOLOGICUS\summa\s3055.js
   Compressing: C:\tmp\theoverify\dist\THEOLOGICUS\summa\s3056.js
   Compressing: C:\tmp\theoverify\dist\THEOLOGICUS\summa\s3057.js
   Compressing: C:\tmp\theoverify\dist\THEOLOGICUS\summa\s3058.js
   Compressing: C:\tmp\theoverify\dist\THEOLOGICUS\summa\s3059.js
   Compressing: C:\tmp\theoverify\dist\THEOLOGICUS\summa\s3060.js
   Compressing: C:\tmp\theoverify\dist\THEOLOGICUS\summa\s3061.js
   Compressing: C:\tmp\theoverify\dist\THEOLOGICUS\summa\s3062.js
   Compressing: C:\tmp\theoverify\dist\THEOLOGICUS\summa\s3063.js
   Compressing: C:\tmp\theoverify\dist\THEOLOGICUS\summa\s3064.js
   Compressing: C:\tmp\theoverify\dist\THEOLOGICUS\summa\s3065.js
   Compressing: C:\tmp\theoverify\dist\THEOLOGICUS\summa\s3066.js
   Compressing: C:\tmp\theoverify\dist\THEOLOGICUS\summa\s3067.js
   Compressing: C:\tmp\theoverify\dist\THEOLOGICUS\summa\s3068.js
   Compressing: C:\tmp\theoverify\dist\THEOLOGICUS\summa\s3069.js
   Compressing: C:\tmp\theoverify\dist\THEOLOGICUS\summa\s3070.js
   Compressing: C:\tmp\theoverify\dist\THEOLOGICUS\summa\s3071.js
   Compressing: C:\tmp\theoverify\dist\THEOLOGICUS\summa\s3072.js
   Compressing: C:\tmp\theoverify\dist\THEOLOGICUS\summa\s3073.js
   Compressing: C:\tmp\theoverify\dist\THEOLOGICUS\summa\s3074.js
   Compressing: C:\tmp\theoverify\dist\THEOLOGICUS\summa\s3075.js
   Compressing: C:\tmp\theoverify\dist\THEOLOGICUS\summa\s3076.js
   Compressing: C:\tmp\theoverify\dist\THEOLOGICUS\summa\s3077.js
   Compressing: C:\tmp\theoverify\dist\THEOLOGICUS\summa\s3078.js
   Compressing: C:\tmp\theoverify\dist\THEOLOGICUS\summa\s3079.js
   Compressing: C:\tmp\theoverify\dist\THEOLOGICUS\summa\s3080.js
   Compressing: C:\tmp\theoverify\dist\THEOLOGICUS\summa\s3081.js
   Compressing: C:\tmp\theoverify\dist\THEOLOGICUS\summa\s3082.js
   Compressing: C:\tmp\theoverify\dist\THEOLOGICUS\summa\s3083.js
   Compressing: C:\tmp\theoverify\dist\THEOLOGICUS\summa\s3084.js
   Compressing: C:\tmp\theoverify\dist\THEOLOGICUS\summa\s3085.js
   Compressing: C:\tmp\theoverify\dist\THEOLOGICUS\summa\s3086.js
   Compressing: C:\tmp\theoverify\dist\THEOLOGICUS\summa\s3087.js
   Compressing: C:\tmp\theoverify\dist\THEOLOGICUS\summa\s3088.js
   Compressing: C:\tmp\theoverify\dist\THEOLOGICUS\summa\s3089.js
   Compressing: C:\tmp\theoverify\dist\THEOLOGICUS\summa\s3090.js
   Compressing: C:\tmp\theoverify\dist\THEOLOGICUS\summa\s3091.js
   Compressing: C:\tmp\theoverify\dist\THEOLOGICUS\summa\s3092.js
   Compressing: C:\tmp\theoverify\dist\THEOLOGICUS\summa\s3093.js
   Compressing: C:\tmp\theoverify\dist\THEOLOGICUS\summa\s3094.js
   Compressing: C:\tmp\theoverify\dist\THEOLOGICUS\summa\s3095.js
   Compressing: C:\tmp\theoverify\dist\THEOLOGICUS\summa\s3096.js
   Compressing: C:\tmp\theoverify\dist\THEOLOGICUS\summa\s3097.js
   Compressing: C:\tmp\theoverify\dist\THEOLOGICUS\summa\s3098.js
   Compressing: C:\tmp\theoverify\dist\THEOLOGICUS\summa\s3099.js
   Compressing: C:\tmp\theoverify\dist\THEOLOGICUS\summa\s3100.js
   Compressing: C:\tmp\theoverify\dist\THEOLOGICUS\summa\s3101.js
   Compressing: C:\tmp\theoverify\dist\THEOLOGICUS\summa\s3102.js
   Compressing: C:\tmp\theoverify\dist\THEOLOGICUS\summa\s3103.js
   Compressing: C:\tmp\theoverify\dist\THEOLOGICUS\summa\s3104.js
   Compressing: C:\tmp\theoverify\dist\THEOLOGICUS\summa\s3105.js
   Compressing: C:\tmp\theoverify\dist\THEOLOGICUS\summa\s3106.js
   Compressing: C:\tmp\theoverify\dist\THEOLOGICUS\summa\s3107.js
   Compressing: C:\tmp\theoverify\dist\THEOLOGICUS\summa\s3108.js
   Compressing: C:\tmp\theoverify\dist\THEOLOGICUS\summa\s3109.js
   Compressing: C:\tmp\theoverify\dist\THEOLOGICUS\summa\s3110.js
   Compressing: C:\tmp\theoverify\dist\THEOLOGICUS\summa\s3111.js
   Compressing: C:\tmp\theoverify\dist\THEOLOGICUS\summa\s3112.js
   Compressing: C:\tmp\theoverify\dist\THEOLOGICUS\summa\s3113.js
   Compressing: C:\tmp\theoverify\dist\THEOLOGICUS\summa\s3114.js
   Compressing: C:\tmp\theoverify\dist\THEOLOGICUS\summa\s3115.js
   Compressing: C:\tmp\theoverify\dist\THEOLOGICUS\summa\s3116.js
   Compressing: C:\tmp\theoverify\dist\THEOLOGICUS\summa\s3117.js
   Compressing: C:\tmp\theoverify\dist\THEOLOGICUS\summa\s3118.js
   Compressing: C:\tmp\theoverify\dist\THEOLOGICUS\summa\s3119.js
   Compressing: C:\tmp\theoverify\dist\THEOLOGICUS\summa\s3120.js
   Compressing: C:\tmp\theoverify\dist\THEOLOGICUS\summa\s3121.js
   Compressing: C:\tmp\theoverify\dist\THEOLOGICUS\summa\s3122.js
   Compressing: C:\tmp\theoverify\dist\THEOLOGICUS\summa\s3123.js
   Compressing: C:\tmp\theoverify\dist\THEOLOGICUS\summa\s3124.js
   Compressing: C:\tmp\theoverify\dist\THEOLOGICUS\summa\s3125.js
   Compressing: C:\tmp\theoverify\dist\THEOLOGICUS\summa\s3126.js
   Compressing: C:\tmp\theoverify\dist\THEOLOGICUS\summa\s3127.js
   Compressing: C:\tmp\theoverify\dist\THEOLOGICUS\summa\s3128.js
   Compressing: C:\tmp\theoverify\dist\THEOLOGICUS\summa\s3129.js
   Compressing: C:\tmp\theoverify\dist\THEOLOGICUS\summa\s3130.js
   Compressing: C:\tmp\theoverify\dist\THEOLOGICUS\summa\s3131.js
   Compressing: C:\tmp\theoverify\dist\THEOLOGICUS\summa\s3132.js
   Compressing: C:\tmp\theoverify\dist\THEOLOGICUS\summa\s3133.js
   Compressing: C:\tmp\theoverify\dist\THEOLOGICUS\summa\s3134.js
   Compressing: C:\tmp\theoverify\dist\THEOLOGICUS\summa\s3135.js
   Compressing: C:\tmp\theoverify\dist\THEOLOGICUS\summa\s3136.js
   Compressing: C:\tmp\theoverify\dist\THEOLOGICUS\summa\s3137.js
   Compressing: C:\tmp\theoverify\dist\THEOLOGICUS\summa\s3138.js
   Compressing: C:\tmp\theoverify\dist\THEOLOGICUS\summa\s3139.js
   Compressing: C:\tmp\theoverify\dist\THEOLOGICUS\summa\s3140.js
   Compressing: C:\tmp\theoverify\dist\THEOLOGICUS\summa\s3141.js
   Compressing: C:\tmp\theoverify\dist\THEOLOGICUS\summa\s3142.js
   Compressing: C:\tmp\theoverify\dist\THEOLOGICUS\summa\s3143.js
   Compressing: C:\tmp\theoverify\dist\THEOLOGICUS\summa\s3144.js
   Compressing: C:\tmp\theoverify\dist\THEOLOGICUS\summa\s3145.js
   Compressing: C:\tmp\theoverify\dist\THEOLOGICUS\summa\s3146.js
   Compressing: C:\tmp\theoverify\dist\THEOLOGICUS\summa\s3147.js
   Compressing: C:\tmp\theoverify\dist\THEOLOGICUS\summa\s3148.js
   Compressing: C:\tmp\theoverify\dist\THEOLOGICUS\summa\s3149.js
   Compressing: C:\tmp\theoverify\dist\THEOLOGICUS\summa\s3150.js
   Compressing: C:\tmp\theoverify\dist\THEOLOGICUS\summa\s3151.js
   Compressing: C:\tmp\theoverify\dist\THEOLOGICUS\summa\s3152.js
   Compressing: C:\tmp\theoverify\dist\THEOLOGICUS\summa\s3153.js
   Compressing: C:\tmp\theoverify\dist\THEOLOGICUS\summa\s3154.js
   Compressing: C:\tmp\theoverify\dist\THEOLOGICUS\summa\s3155.js
   Compressing: C:\tmp\theoverify\dist\THEOLOGICUS\summa\s3156.js
   Compressing: C:\tmp\theoverify\dist\THEOLOGICUS\summa\s3157.js
   Compressing: C:\tmp\theoverify\dist\THEOLOGICUS\summa\s3158.js
   Compressing: C:\tmp\theoverify\dist\THEOLOGICUS\summa\s3159.js
   Compressing: C:\tmp\theoverify\dist\THEOLOGICUS\summa\s3160.js
   Compressing: C:\tmp\theoverify\dist\THEOLOGICUS\summa\s3161.js
   Compressing: C:\tmp\theoverify\dist\THEOLOGICUS\summa\s3162.js
   Compressing: C:\tmp\theoverify\dist\THEOLOGICUS\summa\s3163.js
   Compressing: C:\tmp\theoverify\dist\THEOLOGICUS\summa\s3164.js
   Compressing: C:\tmp\theoverify\dist\THEOLOGICUS\summa\s3165.js
   Compressing: C:\tmp\theoverify\dist\THEOLOGICUS\summa\s3166.js
   Compressing: C:\tmp\theoverify\dist\THEOLOGICUS\summa\s3167.js
   Compressing: C:\tmp\theoverify\dist\THEOLOGICUS\summa\s3168.js
   Compressing: C:\tmp\theoverify\dist\THEOLOGICUS\summa\s3169.js
   Compressing: C:\tmp\theoverify\dist\THEOLOGICUS\summa\s3170.js
   Compressing: C:\tmp\theoverify\dist\THEOLOGICUS\summa\s3171.js
   Compressing: C:\tmp\theoverify\dist\THEOLOGICUS\summa\s3172.js
   Compressing: C:\tmp\theoverify\dist\THEOLOGICUS\summa\s3173.js
   Compressing: C:\tmp\theoverify\dist\THEOLOGICUS\summa\s3174.js
   Compressing: C:\tmp\theoverify\dist\THEOLOGICUS\summa\s3175.js
   Compressing: C:\tmp\theoverify\dist\THEOLOGICUS\summa\s3176.js
   Compressing: C:\tmp\theoverify\dist\THEOLOGICUS\summa\s3177.js
   Compressing: C:\tmp\theoverify\dist\THEOLOGICUS\summa\s3178.js
   Compressing: C:\tmp\theoverify\dist\THEOLOGICUS\summa\s3179.js
   Compressing: C:\tmp\theoverify\dist\THEOLOGICUS\summa\s3180.js
   Compressing: C:\tmp\theoverify\dist\THEOLOGICUS\summa\s3181.js
   Compressing: C:\tmp\theoverify\dist\THEOLOGICUS\summa\s3182.js
   Compressing: C:\tmp\theoverify\dist\THEOLOGICUS\summa\s3183.js
   Compressing: C:\tmp\theoverify\dist\THEOLOGICUS\summa\s3184.js
   Compressing: C:\tmp\theoverify\dist\THEOLOGICUS\summa\s3185.js
   Compressing: C:\tmp\theoverify\dist\THEOLOGICUS\summa\s3186.js
   Compressing: C:\tmp\theoverify\dist\THEOLOGICUS\summa\s3187.js
   Compressing: C:\tmp\theoverify\dist\THEOLOGICUS\summa\s3188.js
   Compressing: C:\tmp\theoverify\dist\THEOLOGICUS\summa\s3189.js
   Compressing: C:\tmp\theoverify\dist\THEOLOGICUS\summa\s4001.js
   Compressing: C:\tmp\theoverify\dist\THEOLOGICUS\summa\s4002.js
   Compressing: C:\tmp\theoverify\dist\THEOLOGICUS\summa\s4003.js
   Compressing: C:\tmp\theoverify\dist\THEOLOGICUS\summa\s4004.js
   Compressing: C:\tmp\theoverify\dist\THEOLOGICUS\summa\s4005.js
   Compressing: C:\tmp\theoverify\dist\THEOLOGICUS\summa\s4006.js
   Compressing: C:\tmp\theoverify\dist\THEOLOGICUS\summa\s4007.js
   Compressing: C:\tmp\theoverify\dist\THEOLOGICUS\summa\s4008.js
   Compressing: C:\tmp\theoverify\dist\THEOLOGICUS\summa\s4009.js
   Compressing: C:\tmp\theoverify\dist\THEOLOGICUS\summa\s4010.js
   Compressing: C:\tmp\theoverify\dist\THEOLOGICUS\summa\s4011.js
   Compressing: C:\tmp\theoverify\dist\THEOLOGICUS\summa\s4012.js
   Compressing: C:\tmp\theoverify\dist\THEOLOGICUS\summa\s4013.js
   Compressing: C:\tmp\theoverify\dist\THEOLOGICUS\summa\s4014.js
   Compressing: C:\tmp\theoverify\dist\THEOLOGICUS\summa\s4015.js
   Compressing: C:\tmp\theoverify\dist\THEOLOGICUS\summa\s4016.js
   Compressing: C:\tmp\theoverify\dist\THEOLOGICUS\summa\s4017.js
   Compressing: C:\tmp\theoverify\dist\THEOLOGICUS\summa\s4018.js
   Compressing: C:\tmp\theoverify\dist\THEOLOGICUS\summa\s4019.js
   Compressing: C:\tmp\theoverify\dist\THEOLOGICUS\summa\s4020.js
   Compressing: C:\tmp\theoverify\dist\THEOLOGICUS\summa\s4021.js
   Compressing: C:\tmp\theoverify\dist\THEOLOGICUS\summa\s4022.js
   Compressing: C:\tmp\theoverify\dist\THEOLOGICUS\summa\s4023.js
   Compressing: C:\tmp\theoverify\dist\THEOLOGICUS\summa\s4024.js
   Compressing: C:\tmp\theoverify\dist\THEOLOGICUS\summa\s4025.js
   Compressing: C:\tmp\theoverify\dist\THEOLOGICUS\summa\s4026.js
   Compressing: C:\tmp\theoverify\dist\THEOLOGICUS\summa\s4027.js
   Compressing: C:\tmp\theoverify\dist\THEOLOGICUS\summa\s4028.js
   Compressing: C:\tmp\theoverify\dist\THEOLOGICUS\summa\s4029.js
   Compressing: C:\tmp\theoverify\dist\THEOLOGICUS\summa\s4030.js
   Compressing: C:\tmp\theoverify\dist\THEOLOGICUS\summa\s4031.js
   Compressing: C:\tmp\theoverify\dist\THEOLOGICUS\summa\s4032.js
   Compressing: C:\tmp\theoverify\dist\THEOLOGICUS\summa\s4033.js
   Compressing: C:\tmp\theoverify\dist\THEOLOGICUS\summa\s4034.js
   Compressing: C:\tmp\theoverify\dist\THEOLOGICUS\summa\s4035.js
   Compressing: C:\tmp\theoverify\dist\THEOLOGICUS\summa\s4036.js
   Compressing: C:\tmp\theoverify\dist\THEOLOGICUS\summa\s4037.js
   Compressing: C:\tmp\theoverify\dist\THEOLOGICUS\summa\s4038.js
   Compressing: C:\tmp\theoverify\dist\THEOLOGICUS\summa\s4039.js
   Compressing: C:\tmp\theoverify\dist\THEOLOGICUS\summa\s4040.js
   Compressing: C:\tmp\theoverify\dist\THEOLOGICUS\summa\s4041.js
   Compressing: C:\tmp\theoverify\dist\THEOLOGICUS\summa\s4042.js
   Compressing: C:\tmp\theoverify\dist\THEOLOGICUS\summa\s4043.js
   Compressing: C:\tmp\theoverify\dist\THEOLOGICUS\summa\s4044.js
   Compressing: C:\tmp\theoverify\dist\THEOLOGICUS\summa\s4045.js
   Compressing: C:\tmp\theoverify\dist\THEOLOGICUS\summa\s4046.js
   Compressing: C:\tmp\theoverify\dist\THEOLOGICUS\summa\s4047.js
   Compressing: C:\tmp\theoverify\dist\THEOLOGICUS\summa\s4048.js
   Compressing: C:\tmp\theoverify\dist\THEOLOGICUS\summa\s4049.js
   Compressing: C:\tmp\theoverify\dist\THEOLOGICUS\summa\s4050.js
   Compressing: C:\tmp\theoverify\dist\THEOLOGICUS\summa\s4051.js
   Compressing: C:\tmp\theoverify\dist\THEOLOGICUS\summa\s4052.js
   Compressing: C:\tmp\theoverify\dist\THEOLOGICUS\summa\s4053.js
   Compressing: C:\tmp\theoverify\dist\THEOLOGICUS\summa\s4054.js
   Compressing: C:\tmp\theoverify\dist\THEOLOGICUS\summa\s4055.js
   Compressing: C:\tmp\theoverify\dist\THEOLOGICUS\summa\s4056.js
   Compressing: C:\tmp\theoverify\dist\THEOLOGICUS\summa\s4057.js
   Compressing: C:\tmp\theoverify\dist\THEOLOGICUS\summa\s4058.js
   Compressing: C:\tmp\theoverify\dist\THEOLOGICUS\summa\s4059.js
   Compressing: C:\tmp\theoverify\dist\THEOLOGICUS\summa\s4060.js
   Compressing: C:\tmp\theoverify\dist\THEOLOGICUS\summa\s4061.js
   Compressing: C:\tmp\theoverify\dist\THEOLOGICUS\summa\s4062.js
   Compressing: C:\tmp\theoverify\dist\THEOLOGICUS\summa\s4063.js
   Compressing: C:\tmp\theoverify\dist\THEOLOGICUS\summa\s4064.js
   Compressing: C:\tmp\theoverify\dist\THEOLOGICUS\summa\s4065.js
   Compressing: C:\tmp\theoverify\dist\THEOLOGICUS\summa\s4066.js
   Compressing: C:\tmp\theoverify\dist\THEOLOGICUS\summa\s4067.js
   Compressing: C:\tmp\theoverify\dist\THEOLOGICUS\summa\s4068.js
   Compressing: C:\tmp\theoverify\dist\THEOLOGICUS\summa\s4069.js
   Compressing: C:\tmp\theoverify\dist\THEOLOGICUS\summa\s4070.js
   Compressing: C:\tmp\theoverify\dist\THEOLOGICUS\summa\s4071.js
   Compressing: C:\tmp\theoverify\dist\THEOLOGICUS\summa\s4072.js
   Compressing: C:\tmp\theoverify\dist\THEOLOGICUS\summa\s4073.js
   Compressing: C:\tmp\theoverify\dist\THEOLOGICUS\summa\s4074.js
   Compressing: C:\tmp\theoverify\dist\THEOLOGICUS\summa\s4075.js
   Compressing: C:\tmp\theoverify\dist\THEOLOGICUS\summa\s4076.js
   Compressing: C:\tmp\theoverify\dist\THEOLOGICUS\summa\s4077.js
   Compressing: C:\tmp\theoverify\dist\THEOLOGICUS\summa\s4078.js
   Compressing: C:\tmp\theoverify\dist\THEOLOGICUS\summa\s4079.js
   Compressing: C:\tmp\theoverify\dist\THEOLOGICUS\summa\s4080.js
   Compressing: C:\tmp\theoverify\dist\THEOLOGICUS\summa\s4081.js
   Compressing: C:\tmp\theoverify\dist\THEOLOGICUS\summa\s4082.js
   Compressing: C:\tmp\theoverify\dist\THEOLOGICUS\summa\s4083.js
   Compressing: C:\tmp\theoverify\dist\THEOLOGICUS\summa\s4084.js
   Compressing: C:\tmp\theoverify\dist\THEOLOGICUS\summa\s4085.js
   Compressing: C:\tmp\theoverify\dist\THEOLOGICUS\summa\s4086.js
   Compressing: C:\tmp\theoverify\dist\THEOLOGICUS\summa\s4087.js
   Compressing: C:\tmp\theoverify\dist\THEOLOGICUS\summa\s4088.js
   Compressing: C:\tmp\theoverify\dist\THEOLOGICUS\summa\s4089.js
   Compressing: C:\tmp\theoverify\dist\THEOLOGICUS\summa\s4090.js
   Compressing: C:\tmp\theoverify\dist\THEOLOGICUS\summa\s5001.js
   Compressing: C:\tmp\theoverify\dist\THEOLOGICUS\summa\s5002.js
   Compressing: C:\tmp\theoverify\dist\THEOLOGICUS\summa\s5003.js
   Compressing: C:\tmp\theoverify\dist\THEOLOGICUS\summa\s5004.js
   Compressing: C:\tmp\theoverify\dist\THEOLOGICUS\summa\s5005.js
   Compressing: C:\tmp\theoverify\dist\THEOLOGICUS\summa\s5006.js
   Compressing: C:\tmp\theoverify\dist\THEOLOGICUS\summa\s5007.js
   Compressing: C:\tmp\theoverify\dist\THEOLOGICUS\summa\s5008.js
   Compressing: C:\tmp\theoverify\dist\THEOLOGICUS\summa\s5009.js
   Compressing: C:\tmp\theoverify\dist\THEOLOGICUS\summa\s5010.js
   Compressing: C:\tmp\theoverify\dist\THEOLOGICUS\summa\s5011.js
   Compressing: C:\tmp\theoverify\dist\THEOLOGICUS\summa\s5012.js
   Compressing: C:\tmp\theoverify\dist\THEOLOGICUS\summa\s5013.js
   Compressing: C:\tmp\theoverify\dist\THEOLOGICUS\summa\s5014.js
   Compressing: C:\tmp\theoverify\dist\THEOLOGICUS\summa\s5015.js
   Compressing: C:\tmp\theoverify\dist\THEOLOGICUS\summa\s5016.js
   Compressing: C:\tmp\theoverify\dist\THEOLOGICUS\summa\s5017.js
   Compressing: C:\tmp\theoverify\dist\THEOLOGICUS\summa\s5018.js
   Compressing: C:\tmp\theoverify\dist\THEOLOGICUS\summa\s5019.js
   Compressing: C:\tmp\theoverify\dist\THEOLOGICUS\summa\s5020.js
   Compressing: C:\tmp\theoverify\dist\THEOLOGICUS\summa\s5021.js
   Compressing: C:\tmp\theoverify\dist\THEOLOGICUS\summa\s5022.js
   Compressing: C:\tmp\theoverify\dist\THEOLOGICUS\summa\s5023.js
   Compressing: C:\tmp\theoverify\dist\THEOLOGICUS\summa\s5024.js
   Compressing: C:\tmp\theoverify\dist\THEOLOGICUS\summa\s5025.js
   Compressing: C:\tmp\theoverify\dist\THEOLOGICUS\summa\s5026.js
   Compressing: C:\tmp\theoverify\dist\THEOLOGICUS\summa\s5027.js
   Compressing: C:\tmp\theoverify\dist\THEOLOGICUS\summa\s5028.js
   Compressing: C:\tmp\theoverify\dist\THEOLOGICUS\summa\s5029.js
   Compressing: C:\tmp\theoverify\dist\THEOLOGICUS\summa\s5030.js
   Compressing: C:\tmp\theoverify\dist\THEOLOGICUS\summa\s5031.js
   Compressing: C:\tmp\theoverify\dist\THEOLOGICUS\summa\s5032.js
   Compressing: C:\tmp\theoverify\dist\THEOLOGICUS\summa\s5033.js
   Compressing: C:\tmp\theoverify\dist\THEOLOGICUS\summa\s5034.js
   Compressing: C:\tmp\theoverify\dist\THEOLOGICUS\summa\s5035.js
   Compressing: C:\tmp\theoverify\dist\THEOLOGICUS\summa\s5036.js
   Compressing: C:\tmp\theoverify\dist\THEOLOGICUS\summa\s5037.js
   Compressing: C:\tmp\theoverify\dist\THEOLOGICUS\summa\s5038.js
   Compressing: C:\tmp\theoverify\dist\THEOLOGICUS\summa\s5039.js
   Compressing: C:\tmp\theoverify\dist\THEOLOGICUS\summa\s5040.js
   Compressing: C:\tmp\theoverify\dist\THEOLOGICUS\summa\s5041.js
   Compressing: C:\tmp\theoverify\dist\THEOLOGICUS\summa\s5042.js
   Compressing: C:\tmp\theoverify\dist\THEOLOGICUS\summa\s5043.js
   Compressing: C:\tmp\theoverify\dist\THEOLOGICUS\summa\s5044.js
   Compressing: C:\tmp\theoverify\dist\THEOLOGICUS\summa\s5045.js
   Compressing: C:\tmp\theoverify\dist\THEOLOGICUS\summa\s5046.js
   Compressing: C:\tmp\theoverify\dist\THEOLOGICUS\summa\s5047.js
   Compressing: C:\tmp\theoverify\dist\THEOLOGICUS\summa\s5048.js
   Compressing: C:\tmp\theoverify\dist\THEOLOGICUS\summa\s5049.js
   Compressing: C:\tmp\theoverify\dist\THEOLOGICUS\summa\s5050.js
   Compressing: C:\tmp\theoverify\dist\THEOLOGICUS\summa\s5051.js
   Compressing: C:\tmp\theoverify\dist\THEOLOGICUS\summa\s5052.js
   Compressing: C:\tmp\theoverify\dist\THEOLOGICUS\summa\s5053.js
   Compressing: C:\tmp\theoverify\dist\THEOLOGICUS\summa\s5054.js
   Compressing: C:\tmp\theoverify\dist\THEOLOGICUS\summa\s5055.js
   Compressing: C:\tmp\theoverify\dist\THEOLOGICUS\summa\s5056.js
   Compressing: C:\tmp\theoverify\dist\THEOLOGICUS\summa\s5057.js
   Compressing: C:\tmp\theoverify\dist\THEOLOGICUS\summa\s5058.js
   Compressing: C:\tmp\theoverify\dist\THEOLOGICUS\summa\s5059.js
   Compressing: C:\tmp\theoverify\dist\THEOLOGICUS\summa\s5060.js
   Compressing: C:\tmp\theoverify\dist\THEOLOGICUS\summa\s5061.js
   Compressing: C:\tmp\theoverify\dist\THEOLOGICUS\summa\s5062.js
   Compressing: C:\tmp\theoverify\dist\THEOLOGICUS\summa\s5063.js
   Compressing: C:\tmp\theoverify\dist\THEOLOGICUS\summa\s5064.js
   Compressing: C:\tmp\theoverify\dist\THEOLOGICUS\summa\s5065.js
   Compressing: C:\tmp\theoverify\dist\THEOLOGICUS\summa\s5066.js
   Compressing: C:\tmp\theoverify\dist\THEOLOGICUS\summa\s5067.js
   Compressing: C:\tmp\theoverify\dist\THEOLOGICUS\summa\s5068.js
   Compressing: C:\tmp\theoverify\dist\THEOLOGICUS\summa\s5069.js
   Compressing: C:\tmp\theoverify\dist\THEOLOGICUS\summa\s5070.js
   Compressing: C:\tmp\theoverify\dist\THEOLOGICUS\summa\s5071.js
   Compressing: C:\tmp\theoverify\dist\THEOLOGICUS\summa\s5072.js
   Compressing: C:\tmp\theoverify\dist\THEOLOGICUS\summa\s5073.js
   Compressing: C:\tmp\theoverify\dist\THEOLOGICUS\summa\s5074.js
   Compressing: C:\tmp\theoverify\dist\THEOLOGICUS\summa\s5075.js
   Compressing: C:\tmp\theoverify\dist\THEOLOGICUS\summa\s5076.js
   Compressing: C:\tmp\theoverify\dist\THEOLOGICUS\summa\s5077.js
   Compressing: C:\tmp\theoverify\dist\THEOLOGICUS\summa\s5078.js
   Compressing: C:\tmp\theoverify\dist\THEOLOGICUS\summa\s5079.js
   Compressing: C:\tmp\theoverify\dist\THEOLOGICUS\summa\s5080.js
   Compressing: C:\tmp\theoverify\dist\THEOLOGICUS\summa\s5081.js
   Compressing: C:\tmp\theoverify\dist\THEOLOGICUS\summa\s5082.js
   Compressing: C:\tmp\theoverify\dist\THEOLOGICUS\summa\s5083.js
   Compressing: C:\tmp\theoverify\dist\THEOLOGICUS\summa\s5084.js
   Compressing: C:\tmp\theoverify\dist\THEOLOGICUS\summa\s5085.js
   Compressing: C:\tmp\theoverify\dist\THEOLOGICUS\summa\s5086.js
   Compressing: C:\tmp\theoverify\dist\THEOLOGICUS\summa\s5087.js
   Compressing: C:\tmp\theoverify\dist\THEOLOGICUS\summa\s5088.js
   Compressing: C:\tmp\theoverify\dist\THEOLOGICUS\summa\s5089.js
   Compressing: C:\tmp\theoverify\dist\THEOLOGICUS\summa\s5090.js
   Compressing: C:\tmp\theoverify\dist\THEOLOGICUS\summa\s5091.js
   Compressing: C:\tmp\theoverify\dist\THEOLOGICUS\summa\s5092.js
   Compressing: C:\tmp\theoverify\dist\THEOLOGICUS\summa\s5093.js
   Compressing: C:\tmp\theoverify\dist\THEOLOGICUS\summa\s5094.js
   Compressing: C:\tmp\theoverify\dist\THEOLOGICUS\summa\s5095.js
   Compressing: C:\tmp\theoverify\dist\THEOLOGICUS\summa\s5096.js
   Compressing: C:\tmp\theoverify\dist\THEOLOGICUS\summa\s5097.js
   Compressing: C:\tmp\theoverify\dist\THEOLOGICUS\summa\s5098.js
   Compressing: C:\tmp\theoverify\dist\THEOLOGICUS\summa\s5099.js
   Compressing: C:\tmp\theoverify\dist\THEOLOGICUS\summafr\index.js
   Compressing: C:\tmp\theoverify\dist\THEOLOGICUS\summafr\s1001.js
   Compressing: C:\tmp\theoverify\dist\THEOLOGICUS\summafr\s1002.js
   Compressing: C:\tmp\theoverify\dist\THEOLOGICUS\summafr\s1003.js
   Compressing: C:\tmp\theoverify\dist\THEOLOGICUS\summafr\s1004.js
   Compressing: C:\tmp\theoverify\dist\THEOLOGICUS\summafr\s1005.js
   Compressing: C:\tmp\theoverify\dist\THEOLOGICUS\summafr\s1006.js
   Compressing: C:\tmp\theoverify\dist\THEOLOGICUS\summafr\s1007.js
   Compressing: C:\tmp\theoverify\dist\THEOLOGICUS\summafr\s1008.js
   Compressing: C:\tmp\theoverify\dist\THEOLOGICUS\summafr\s1009.js
   Compressing: C:\tmp\theoverify\dist\THEOLOGICUS\summafr\s1010.js
   Compressing: C:\tmp\theoverify\dist\THEOLOGICUS\summafr\s1011.js
   Compressing: C:\tmp\theoverify\dist\THEOLOGICUS\summafr\s1012.js
   Compressing: C:\tmp\theoverify\dist\THEOLOGICUS\summafr\s1013.js
   Compressing: C:\tmp\theoverify\dist\THEOLOGICUS\summafr\s1014.js
   Compressing: C:\tmp\theoverify\dist\THEOLOGICUS\summafr\s1015.js
   Compressing: C:\tmp\theoverify\dist\THEOLOGICUS\summafr\s1016.js
   Compressing: C:\tmp\theoverify\dist\THEOLOGICUS\summafr\s1017.js
   Compressing: C:\tmp\theoverify\dist\THEOLOGICUS\summafr\s1018.js
   Compressing: C:\tmp\theoverify\dist\THEOLOGICUS\summafr\s1019.js
   Compressing: C:\tmp\theoverify\dist\THEOLOGICUS\summafr\s1020.js
   Compressing: C:\tmp\theoverify\dist\THEOLOGICUS\summafr\s1021.js
   Compressing: C:\tmp\theoverify\dist\THEOLOGICUS\summafr\s1022.js
   Compressing: C:\tmp\theoverify\dist\THEOLOGICUS\summafr\s1023.js
   Compressing: C:\tmp\theoverify\dist\THEOLOGICUS\summafr\s1024.js
   Compressing: C:\tmp\theoverify\dist\THEOLOGICUS\summafr\s1025.js
   Compressing: C:\tmp\theoverify\dist\THEOLOGICUS\summafr\s1026.js
   Compressing: C:\tmp\theoverify\dist\THEOLOGICUS\summafr\s1027.js
   Compressing: C:\tmp\theoverify\dist\THEOLOGICUS\summafr\s1028.js
   Compressing: C:\tmp\theoverify\dist\THEOLOGICUS\summafr\s1029.js
   Compressing: C:\tmp\theoverify\dist\THEOLOGICUS\summafr\s1030.js
   Compressing: C:\tmp\theoverify\dist\THEOLOGICUS\summafr\s1031.js
   Compressing: C:\tmp\theoverify\dist\THEOLOGICUS\summafr\s1032.js
   Compressing: C:\tmp\theoverify\dist\THEOLOGICUS\summafr\s1033.js
   Compressing: C:\tmp\theoverify\dist\THEOLOGICUS\summafr\s1034.js
   Compressing: C:\tmp\theoverify\dist\THEOLOGICUS\summafr\s1035.js
   Compressing: C:\tmp\theoverify\dist\THEOLOGICUS\summafr\s1036.js
   Compressing: C:\tmp\theoverify\dist\THEOLOGICUS\summafr\s1037.js
   Compressing: C:\tmp\theoverify\dist\THEOLOGICUS\summafr\s1038.js
   Compressing: C:\tmp\theoverify\dist\THEOLOGICUS\summafr\s1039.js
   Compressing: C:\tmp\theoverify\dist\THEOLOGICUS\summafr\s1040.js
   Compressing: C:\tmp\theoverify\dist\THEOLOGICUS\summafr\s1041.js
   Compressing: C:\tmp\theoverify\dist\THEOLOGICUS\summafr\s1042.js
   Compressing: C:\tmp\theoverify\dist\THEOLOGICUS\summafr\s1043.js
   Compressing: C:\tmp\theoverify\dist\THEOLOGICUS\summafr\s1044.js
   Compressing: C:\tmp\theoverify\dist\THEOLOGICUS\summafr\s1045.js
   Compressing: C:\tmp\theoverify\dist\THEOLOGICUS\summafr\s1046.js
   Compressing: C:\tmp\theoverify\dist\THEOLOGICUS\summafr\s1047.js
   Compressing: C:\tmp\theoverify\dist\THEOLOGICUS\summafr\s1048.js
   Compressing: C:\tmp\theoverify\dist\THEOLOGICUS\summafr\s1049.js
   Compressing: C:\tmp\theoverify\dist\THEOLOGICUS\summafr\s1050.js
   Compressing: C:\tmp\theoverify\dist\THEOLOGICUS\summafr\s1051.js
   Compressing: C:\tmp\theoverify\dist\THEOLOGICUS\summafr\s1052.js
   Compressing: C:\tmp\theoverify\dist\THEOLOGICUS\summafr\s1053.js
   Compressing: C:\tmp\theoverify\dist\THEOLOGICUS\summafr\s1054.js
   Compressing: C:\tmp\theoverify\dist\THEOLOGICUS\summafr\s1055.js
   Compressing: C:\tmp\theoverify\dist\THEOLOGICUS\summafr\s1056.js
   Compressing: C:\tmp\theoverify\dist\THEOLOGICUS\summafr\s1057.js
   Compressing: C:\tmp\theoverify\dist\THEOLOGICUS\summafr\s1058.js
   Compressing: C:\tmp\theoverify\dist\THEOLOGICUS\summafr\s1059.js
   Compressing: C:\tmp\theoverify\dist\THEOLOGICUS\summafr\s1060.js
   Compressing: C:\tmp\theoverify\dist\THEOLOGICUS\summafr\s1061.js
   Compressing: C:\tmp\theoverify\dist\THEOLOGICUS\summafr\s1062.js
   Compressing: C:\tmp\theoverify\dist\THEOLOGICUS\summafr\s1063.js
   Compressing: C:\tmp\theoverify\dist\THEOLOGICUS\summafr\s1064.js
   Compressing: C:\tmp\theoverify\dist\THEOLOGICUS\summafr\s1065.js
   Compressing: C:\tmp\theoverify\dist\THEOLOGICUS\summafr\s1066.js
   Compressing: C:\tmp\theoverify\dist\THEOLOGICUS\summafr\s1067.js
   Compressing: C:\tmp\theoverify\dist\THEOLOGICUS\summafr\s1068.js
   Compressing: C:\tmp\theoverify\dist\THEOLOGICUS\summafr\s1069.js
   Compressing: C:\tmp\theoverify\dist\THEOLOGICUS\summafr\s1070.js
   Compressing: C:\tmp\theoverify\dist\THEOLOGICUS\summafr\s1071.js
   Compressing: C:\tmp\theoverify\dist\THEOLOGICUS\summafr\s1072.js
   Compressing: C:\tmp\theoverify\dist\THEOLOGICUS\summafr\s1073.js
   Compressing: C:\tmp\theoverify\dist\THEOLOGICUS\summafr\s1074.js
   Compressing: C:\tmp\theoverify\dist\THEOLOGICUS\summafr\s1075.js
   Compressing: C:\tmp\theoverify\dist\THEOLOGICUS\summafr\s1076.js
   Compressing: C:\tmp\theoverify\dist\THEOLOGICUS\summafr\s1077.js
   Compressing: C:\tmp\theoverify\dist\THEOLOGICUS\summafr\s1078.js
   Compressing: C:\tmp\theoverify\dist\THEOLOGICUS\summafr\s1079.js
   Compressing: C:\tmp\theoverify\dist\THEOLOGICUS\summafr\s1080.js
   Compressing: C:\tmp\theoverify\dist\THEOLOGICUS\summafr\s1081.js
   Compressing: C:\tmp\theoverify\dist\THEOLOGICUS\summafr\s1082.js
   Compressing: C:\tmp\theoverify\dist\THEOLOGICUS\summafr\s1083.js
   Compressing: C:\tmp\theoverify\dist\THEOLOGICUS\summafr\s1084.js
   Compressing: C:\tmp\theoverify\dist\THEOLOGICUS\summafr\s1085.js
   Compressing: C:\tmp\theoverify\dist\THEOLOGICUS\summafr\s1086.js
   Compressing: C:\tmp\theoverify\dist\THEOLOGICUS\summafr\s1087.js
   Compressing: C:\tmp\theoverify\dist\THEOLOGICUS\summafr\s1088.js
   Compressing: C:\tmp\theoverify\dist\THEOLOGICUS\summafr\s1089.js
   Compressing: C:\tmp\theoverify\dist\THEOLOGICUS\summafr\s1090.js
   Compressing: C:\tmp\theoverify\dist\THEOLOGICUS\summafr\s1091.js
   Compressing: C:\tmp\theoverify\dist\THEOLOGICUS\summafr\s1092.js
   Compressing: C:\tmp\theoverify\dist\THEOLOGICUS\summafr\s1093.js
   Compressing: C:\tmp\theoverify\dist\THEOLOGICUS\summafr\s1094.js
   Compressing: C:\tmp\theoverify\dist\THEOLOGICUS\summafr\s1095.js
   Compressing: C:\tmp\theoverify\dist\THEOLOGICUS\summafr\s1096.js
   Compressing: C:\tmp\theoverify\dist\THEOLOGICUS\summafr\s1097.js
   Compressing: C:\tmp\theoverify\dist\THEOLOGICUS\summafr\s1098.js
   Compressing: C:\tmp\theoverify\dist\THEOLOGICUS\summafr\s1099.js
   Compressing: C:\tmp\theoverify\dist\THEOLOGICUS\summafr\s1100.js
   Compressing: C:\tmp\theoverify\dist\THEOLOGICUS\summafr\s1101.js
   Compressing: C:\tmp\theoverify\dist\THEOLOGICUS\summafr\s1102.js
   Compressing: C:\tmp\theoverify\dist\THEOLOGICUS\summafr\s1103.js
   Compressing: C:\tmp\theoverify\dist\THEOLOGICUS\summafr\s1104.js
   Compressing: C:\tmp\theoverify\dist\THEOLOGICUS\summafr\s1105.js
   Compressing: C:\tmp\theoverify\dist\THEOLOGICUS\summafr\s1106.js
   Compressing: C:\tmp\theoverify\dist\THEOLOGICUS\summafr\s1107.js
   Compressing: C:\tmp\theoverify\dist\THEOLOGICUS\summafr\s1108.js
   Compressing: C:\tmp\theoverify\dist\THEOLOGICUS\summafr\s1109.js
   Compressing: C:\tmp\theoverify\dist\THEOLOGICUS\summafr\s1110.js
   Compressing: C:\tmp\theoverify\dist\THEOLOGICUS\summafr\s1111.js
   Compressing: C:\tmp\theoverify\dist\THEOLOGICUS\summafr\s1112.js
   Compressing: C:\tmp\theoverify\dist\THEOLOGICUS\summafr\s1113.js
   Compressing: C:\tmp\theoverify\dist\THEOLOGICUS\summafr\s1114.js
   Compressing: C:\tmp\theoverify\dist\THEOLOGICUS\summafr\s1115.js
   Compressing: C:\tmp\theoverify\dist\THEOLOGICUS\summafr\s1116.js
   Compressing: C:\tmp\theoverify\dist\THEOLOGICUS\summafr\s1117.js
   Compressing: C:\tmp\theoverify\dist\THEOLOGICUS\summafr\s1118.js
   Compressing: C:\tmp\theoverify\dist\THEOLOGICUS\summafr\s1119.js
   Compressing: C:\tmp\theoverify\dist\THEOLOGICUS\summafr\s2001.js
   Compressing: C:\tmp\theoverify\dist\THEOLOGICUS\summafr\s2002.js
   Compressing: C:\tmp\theoverify\dist\THEOLOGICUS\summafr\s2003.js
   Compressing: C:\tmp\theoverify\dist\THEOLOGICUS\summafr\s2004.js
   Compressing: C:\tmp\theoverify\dist\THEOLOGICUS\summafr\s2005.js
   Compressing: C:\tmp\theoverify\dist\THEOLOGICUS\summafr\s2006.js
   Compressing: C:\tmp\theoverify\dist\THEOLOGICUS\summafr\s2007.js
   Compressing: C:\tmp\theoverify\dist\THEOLOGICUS\summafr\s2008.js
   Compressing: C:\tmp\theoverify\dist\THEOLOGICUS\summafr\s2009.js
   Compressing: C:\tmp\theoverify\dist\THEOLOGICUS\summafr\s2010.js
   Compressing: C:\tmp\theoverify\dist\THEOLOGICUS\summafr\s2011.js
   Compressing: C:\tmp\theoverify\dist\THEOLOGICUS\summafr\s2012.js
   Compressing: C:\tmp\theoverify\dist\THEOLOGICUS\summafr\s2013.js
   Compressing: C:\tmp\theoverify\dist\THEOLOGICUS\summafr\s2014.js
   Compressing: C:\tmp\theoverify\dist\THEOLOGICUS\summafr\s2015.js
   Compressing: C:\tmp\theoverify\dist\THEOLOGICUS\summafr\s2016.js
   Compressing: C:\tmp\theoverify\dist\THEOLOGICUS\summafr\s2017.js
   Compressing: C:\tmp\theoverify\dist\THEOLOGICUS\summafr\s2018.js
   Compressing: C:\tmp\theoverify\dist\THEOLOGICUS\summafr\s2019.js
   Compressing: C:\tmp\theoverify\dist\THEOLOGICUS\summafr\s2020.js
   Compressing: C:\tmp\theoverify\dist\THEOLOGICUS\summafr\s2021.js
   Compressing: C:\tmp\theoverify\dist\THEOLOGICUS\summafr\s2022.js
   Compressing: C:\tmp\theoverify\dist\THEOLOGICUS\summafr\s2023.js
   Compressing: C:\tmp\theoverify\dist\THEOLOGICUS\summafr\s2024.js
   Compressing: C:\tmp\theoverify\dist\THEOLOGICUS\summafr\s2025.js
   Compressing: C:\tmp\theoverify\dist\THEOLOGICUS\summafr\s2026.js
   Compressing: C:\tmp\theoverify\dist\THEOLOGICUS\summafr\s2027.js
   Compressing: C:\tmp\theoverify\dist\THEOLOGICUS\summafr\s2028.js
   Compressing: C:\tmp\theoverify\dist\THEOLOGICUS\summafr\s2029.js
   Compressing: C:\tmp\theoverify\dist\THEOLOGICUS\summafr\s2030.js
   Compressing: C:\tmp\theoverify\dist\THEOLOGICUS\summafr\s2031.js
   Compressing: C:\tmp\theoverify\dist\THEOLOGICUS\summafr\s2032.js
   Compressing: C:\tmp\theoverify\dist\THEOLOGICUS\summafr\s2033.js
   Compressing: C:\tmp\theoverify\dist\THEOLOGICUS\summafr\s2034.js
   Compressing: C:\tmp\theoverify\dist\THEOLOGICUS\summafr\s2035.js
   Compressing: C:\tmp\theoverify\dist\THEOLOGICUS\summafr\s2036.js
   Compressing: C:\tmp\theoverify\dist\THEOLOGICUS\summafr\s2037.js
   Compressing: C:\tmp\theoverify\dist\THEOLOGICUS\summafr\s2038.js
   Compressing: C:\tmp\theoverify\dist\THEOLOGICUS\summafr\s2039.js
   Compressing: C:\tmp\theoverify\dist\THEOLOGICUS\summafr\s2040.js
   Compressing: C:\tmp\theoverify\dist\THEOLOGICUS\summafr\s2041.js
   Compressing: C:\tmp\theoverify\dist\THEOLOGICUS\summafr\s2042.js
   Compressing: C:\tmp\theoverify\dist\THEOLOGICUS\summafr\s2043.js
   Compressing: C:\tmp\theoverify\dist\THEOLOGICUS\summafr\s2044.js
   Compressing: C:\tmp\theoverify\dist\THEOLOGICUS\summafr\s2045.js
   Compressing: C:\tmp\theoverify\dist\THEOLOGICUS\summafr\s2046.js
   Compressing: C:\tmp\theoverify\dist\THEOLOGICUS\summafr\s2047.js
   Compressing: C:\tmp\theoverify\dist\THEOLOGICUS\summafr\s2048.js
   Compressing: C:\tmp\theoverify\dist\THEOLOGICUS\summafr\s2049.js
   Compressing: C:\tmp\theoverify\dist\THEOLOGICUS\summafr\s2050.js
   Compressing: C:\tmp\theoverify\dist\THEOLOGICUS\summafr\s2051.js
   Compressing: C:\tmp\theoverify\dist\THEOLOGICUS\summafr\s2052.js
   Compressing: C:\tmp\theoverify\dist\THEOLOGICUS\summafr\s2053.js
   Compressing: C:\tmp\theoverify\dist\THEOLOGICUS\summafr\s2054.js
   Compressing: C:\tmp\theoverify\dist\THEOLOGICUS\summafr\s2055.js
   Compressing: C:\tmp\theoverify\dist\THEOLOGICUS\summafr\s2056.js
   Compressing: C:\tmp\theoverify\dist\THEOLOGICUS\summafr\s2057.js
   Compressing: C:\tmp\theoverify\dist\THEOLOGICUS\summafr\s2058.js
   Compressing: C:\tmp\theoverify\dist\THEOLOGICUS\summafr\s2059.js
   Compressing: C:\tmp\theoverify\dist\THEOLOGICUS\summafr\s2060.js
   Compressing: C:\tmp\theoverify\dist\THEOLOGICUS\summafr\s2061.js
   Compressing: C:\tmp\theoverify\dist\THEOLOGICUS\summafr\s2062.js
   Compressing: C:\tmp\theoverify\dist\THEOLOGICUS\summafr\s2063.js
   Compressing: C:\tmp\theoverify\dist\THEOLOGICUS\summafr\s2064.js
   Compressing: C:\tmp\theoverify\dist\THEOLOGICUS\summafr\s2065.js
   Compressing: C:\tmp\theoverify\dist\THEOLOGICUS\summafr\s2066.js
   Compressing: C:\tmp\theoverify\dist\THEOLOGICUS\summafr\s2067.js
   Compressing: C:\tmp\theoverify\dist\THEOLOGICUS\summafr\s2068.js
   Compressing: C:\tmp\theoverify\dist\THEOLOGICUS\summafr\s2069.js
   Compressing: C:\tmp\theoverify\dist\THEOLOGICUS\summafr\s2070.js
   Compressing: C:\tmp\theoverify\dist\THEOLOGICUS\summafr\s2071.js
   Compressing: C:\tmp\theoverify\dist\THEOLOGICUS\summafr\s2072.js
   Compressing: C:\tmp\theoverify\dist\THEOLOGICUS\summafr\s2073.js
   Compressing: C:\tmp\theoverify\dist\THEOLOGICUS\summafr\s2074.js
   Compressing: C:\tmp\theoverify\dist\THEOLOGICUS\summafr\s2075.js
   Compressing: C:\tmp\theoverify\dist\THEOLOGICUS\summafr\s2076.js
   Compressing: C:\tmp\theoverify\dist\THEOLOGICUS\summafr\s2077.js
   Compressing: C:\tmp\theoverify\dist\THEOLOGICUS\summafr\s2078.js
   Compressing: C:\tmp\theoverify\dist\THEOLOGICUS\summafr\s2079.js
   Compressing: C:\tmp\theoverify\dist\THEOLOGICUS\summafr\s2080.js
   Compressing: C:\tmp\theoverify\dist\THEOLOGICUS\summafr\s2081.js
   Compressing: C:\tmp\theoverify\dist\THEOLOGICUS\summafr\s2082.js
   Compressing: C:\tmp\theoverify\dist\THEOLOGICUS\summafr\s2083.js
   Compressing: C:\tmp\theoverify\dist\THEOLOGICUS\summafr\s2084.js
   Compressing: C:\tmp\theoverify\dist\THEOLOGICUS\summafr\s2085.js
   Compressing: C:\tmp\theoverify\dist\THEOLOGICUS\summafr\s2086.js
   Compressing: C:\tmp\theoverify\dist\THEOLOGICUS\summafr\s2087.js
   Compressing: C:\tmp\theoverify\dist\THEOLOGICUS\summafr\s2088.js
   Compressing: C:\tmp\theoverify\dist\THEOLOGICUS\summafr\s2089.js
   Compressing: C:\tmp\theoverify\dist\THEOLOGICUS\summafr\s2090.js
   Compressing: C:\tmp\theoverify\dist\THEOLOGICUS\summafr\s2091.js
   Compressing: C:\tmp\theoverify\dist\THEOLOGICUS\summafr\s2092.js
   Compressing: C:\tmp\theoverify\dist\THEOLOGICUS\summafr\s2093.js
   Compressing: C:\tmp\theoverify\dist\THEOLOGICUS\summafr\s2094.js
   Compressing: C:\tmp\theoverify\dist\THEOLOGICUS\summafr\s2095.js
   Compressing: C:\tmp\theoverify\dist\THEOLOGICUS\summafr\s2096.js
   Compressing: C:\tmp\theoverify\dist\THEOLOGICUS\summafr\s2097.js
   Compressing: C:\tmp\theoverify\dist\THEOLOGICUS\summafr\s2098.js
   Compressing: C:\tmp\theoverify\dist\THEOLOGICUS\summafr\s2099.js
   Compressing: C:\tmp\theoverify\dist\THEOLOGICUS\summafr\s2100.js
   Compressing: C:\tmp\theoverify\dist\THEOLOGICUS\summafr\s2101.js
   Compressing: C:\tmp\theoverify\dist\THEOLOGICUS\summafr\s2102.js
   Compressing: C:\tmp\theoverify\dist\THEOLOGICUS\summafr\s2103.js
   Compressing: C:\tmp\theoverify\dist\THEOLOGICUS\summafr\s2104.js
   Compressing: C:\tmp\theoverify\dist\THEOLOGICUS\summafr\s2105.js
   Compressing: C:\tmp\theoverify\dist\THEOLOGICUS\summafr\s2106.js
   Compressing: C:\tmp\theoverify\dist\THEOLOGICUS\summafr\s2107.js
   Compressing: C:\tmp\theoverify\dist\THEOLOGICUS\summafr\s2108.js
   Compressing: C:\tmp\theoverify\dist\THEOLOGICUS\summafr\s2109.js
   Compressing: C:\tmp\theoverify\dist\THEOLOGICUS\summafr\s2110.js
   Compressing: C:\tmp\theoverify\dist\THEOLOGICUS\summafr\s2111.js
   Compressing: C:\tmp\theoverify\dist\THEOLOGICUS\summafr\s2112.js
   Compressing: C:\tmp\theoverify\dist\THEOLOGICUS\summafr\s2113.js
   Compressing: C:\tmp\theoverify\dist\THEOLOGICUS\summafr\s2114.js
   Compressing: C:\tmp\theoverify\dist\THEOLOGICUS\summafr\s3001.js
   Compressing: C:\tmp\theoverify\dist\THEOLOGICUS\summafr\s3002.js
   Compressing: C:\tmp\theoverify\dist\THEOLOGICUS\summafr\s3003.js
   Compressing: C:\tmp\theoverify\dist\THEOLOGICUS\summafr\s3004.js
   Compressing: C:\tmp\theoverify\dist\THEOLOGICUS\summafr\s3005.js
   Compressing: C:\tmp\theoverify\dist\THEOLOGICUS\summafr\s3006.js
   Compressing: C:\tmp\theoverify\dist\THEOLOGICUS\summafr\s3007.js
   Compressing: C:\tmp\theoverify\dist\THEOLOGICUS\summafr\s3008.js
   Compressing: C:\tmp\theoverify\dist\THEOLOGICUS\summafr\s3009.js
   Compressing: C:\tmp\theoverify\dist\THEOLOGICUS\summafr\s3010.js
   Compressing: C:\tmp\theoverify\dist\THEOLOGICUS\summafr\s3011.js
   Compressing: C:\tmp\theoverify\dist\THEOLOGICUS\summafr\s3012.js
   Compressing: C:\tmp\theoverify\dist\THEOLOGICUS\summafr\s3013.js
   Compressing: C:\tmp\theoverify\dist\THEOLOGICUS\summafr\s3014.js
   Compressing: C:\tmp\theoverify\dist\THEOLOGICUS\summafr\s3015.js
   Compressing: C:\tmp\theoverify\dist\THEOLOGICUS\summafr\s3016.js
   Compressing: C:\tmp\theoverify\dist\THEOLOGICUS\summafr\s3017.js
   Compressing: C:\tmp\theoverify\dist\THEOLOGICUS\summafr\s3018.js
   Compressing: C:\tmp\theoverify\dist\THEOLOGICUS\summafr\s3019.js
   Compressing: C:\tmp\theoverify\dist\THEOLOGICUS\summafr\s3020.js
   Compressing: C:\tmp\theoverify\dist\THEOLOGICUS\summafr\s3021.js
   Compressing: C:\tmp\theoverify\dist\THEOLOGICUS\summafr\s3022.js
   Compressing: C:\tmp\theoverify\dist\THEOLOGICUS\summafr\s3023.js
   Compressing: C:\tmp\theoverify\dist\THEOLOGICUS\summafr\s3024.js
   Compressing: C:\tmp\theoverify\dist\THEOLOGICUS\summafr\s3025.js
   Compressing: C:\tmp\theoverify\dist\THEOLOGICUS\summafr\s3026.js
   Compressing: C:\tmp\theoverify\dist\THEOLOGICUS\summafr\s3027.js
   Compressing: C:\tmp\theoverify\dist\THEOLOGICUS\summafr\s3028.js
   Compressing: C:\tmp\theoverify\dist\THEOLOGICUS\summafr\s3029.js
   Compressing: C:\tmp\theoverify\dist\THEOLOGICUS\summafr\s3030.js
   Compressing: C:\tmp\theoverify\dist\THEOLOGICUS\summafr\s3031.js
   Compressing: C:\tmp\theoverify\dist\THEOLOGICUS\summafr\s3032.js
   Compressing: C:\tmp\theoverify\dist\THEOLOGICUS\summafr\s3033.js
   Compressing: C:\tmp\theoverify\dist\THEOLOGICUS\summafr\s3034.js
   Compressing: C:\tmp\theoverify\dist\THEOLOGICUS\summafr\s3035.js
   Compressing: C:\tmp\theoverify\dist\THEOLOGICUS\summafr\s3036.js
   Compressing: C:\tmp\theoverify\dist\THEOLOGICUS\summafr\s3037.js
   Compressing: C:\tmp\theoverify\dist\THEOLOGICUS\summafr\s3038.js
   Compressing: C:\tmp\theoverify\dist\THEOLOGICUS\summafr\s3039.js
   Compressing: C:\tmp\theoverify\dist\THEOLOGICUS\summafr\s3040.js
   Compressing: C:\tmp\theoverify\dist\THEOLOGICUS\summafr\s3041.js
   Compressing: C:\tmp\theoverify\dist\THEOLOGICUS\summafr\s3042.js
   Compressing: C:\tmp\theoverify\dist\THEOLOGICUS\summafr\s3043.js
   Compressing: C:\tmp\theoverify\dist\THEOLOGICUS\summafr\s3044.js
   Compressing: C:\tmp\theoverify\dist\THEOLOGICUS\summafr\s3045.js
   Compressing: C:\tmp\theoverify\dist\THEOLOGICUS\summafr\s3046.js
   Compressing: C:\tmp\theoverify\dist\THEOLOGICUS\summafr\s3047.js
   Compressing: C:\tmp\theoverify\dist\THEOLOGICUS\summafr\s3048.js
   Compressing: C:\tmp\theoverify\dist\THEOLOGICUS\summafr\s3049.js
   Compressing: C:\tmp\theoverify\dist\THEOLOGICUS\summafr\s3050.js
   Compressing: C:\tmp\theoverify\dist\THEOLOGICUS\summafr\s3051.js
   Compressing: C:\tmp\theoverify\dist\THEOLOGICUS\summafr\s3052.js
   Compressing: C:\tmp\theoverify\dist\THEOLOGICUS\summafr\s3053.js
   Compressing: C:\tmp\theoverify\dist\THEOLOGICUS\summafr\s3054.js
   Compressing: C:\tmp\theoverify\dist\THEOLOGICUS\summafr\s3055.js
   Compressing: C:\tmp\theoverify\dist\THEOLOGICUS\summafr\s3056.js
   Compressing: C:\tmp\theoverify\dist\THEOLOGICUS\summafr\s3057.js
   Compressing: C:\tmp\theoverify\dist\THEOLOGICUS\summafr\s3058.js
   Compressing: C:\tmp\theoverify\dist\THEOLOGICUS\summafr\s3059.js
   Compressing: C:\tmp\theoverify\dist\THEOLOGICUS\summafr\s3060.js
   Compressing: C:\tmp\theoverify\dist\THEOLOGICUS\summafr\s3061.js
   Compressing: C:\tmp\theoverify\dist\THEOLOGICUS\summafr\s3062.js
   Compressing: C:\tmp\theoverify\dist\THEOLOGICUS\summafr\s3063.js
   Compressing: C:\tmp\theoverify\dist\THEOLOGICUS\summafr\s3064.js
   Compressing: C:\tmp\theoverify\dist\THEOLOGICUS\summafr\s3065.js
   Compressing: C:\tmp\theoverify\dist\THEOLOGICUS\summafr\s3066.js
   Compressing: C:\tmp\theoverify\dist\THEOLOGICUS\summafr\s3067.js
   Compressing: C:\tmp\theoverify\dist\THEOLOGICUS\summafr\s3068.js
   Compressing: C:\tmp\theoverify\dist\THEOLOGICUS\summafr\s3069.js
   Compressing: C:\tmp\theoverify\dist\THEOLOGICUS\summafr\s3070.js
   Compressing: C:\tmp\theoverify\dist\THEOLOGICUS\summafr\s3071.js
   Compressing: C:\tmp\theoverify\dist\THEOLOGICUS\summafr\s3072.js
   Compressing: C:\tmp\theoverify\dist\THEOLOGICUS\summafr\s3073.js
   Compressing: C:\tmp\theoverify\dist\THEOLOGICUS\summafr\s3074.js
   Compressing: C:\tmp\theoverify\dist\THEOLOGICUS\summafr\s3075.js
   Compressing: C:\tmp\theoverify\dist\THEOLOGICUS\summafr\s3076.js
   Compressing: C:\tmp\theoverify\dist\THEOLOGICUS\summafr\s3077.js
   Compressing: C:\tmp\theoverify\dist\THEOLOGICUS\summafr\s3078.js
   Compressing: C:\tmp\theoverify\dist\THEOLOGICUS\summafr\s3079.js
   Compressing: C:\tmp\theoverify\dist\THEOLOGICUS\summafr\s3080.js
   Compressing: C:\tmp\theoverify\dist\THEOLOGICUS\summafr\s3081.js
   Compressing: C:\tmp\theoverify\dist\THEOLOGICUS\summafr\s3082.js
   Compressing: C:\tmp\theoverify\dist\THEOLOGICUS\summafr\s3083.js
   Compressing: C:\tmp\theoverify\dist\THEOLOGICUS\summafr\s3084.js
   Compressing: C:\tmp\theoverify\dist\THEOLOGICUS\summafr\s3085.js
   Compressing: C:\tmp\theoverify\dist\THEOLOGICUS\summafr\s3086.js
   Compressing: C:\tmp\theoverify\dist\THEOLOGICUS\summafr\s3087.js
   Compressing: C:\tmp\theoverify\dist\THEOLOGICUS\summafr\s3088.js
   Compressing: C:\tmp\theoverify\dist\THEOLOGICUS\summafr\s3089.js
   Compressing: C:\tmp\theoverify\dist\THEOLOGICUS\summafr\s3090.js
   Compressing: C:\tmp\theoverify\dist\THEOLOGICUS\summafr\s3091.js
   Compressing: C:\tmp\theoverify\dist\THEOLOGICUS\summafr\s3092.js
   Compressing: C:\tmp\theoverify\dist\THEOLOGICUS\summafr\s3093.js
   Compressing: C:\tmp\theoverify\dist\THEOLOGICUS\summafr\s3094.js
   Compressing: C:\tmp\theoverify\dist\THEOLOGICUS\summafr\s3095.js
   Compressing: C:\tmp\theoverify\dist\THEOLOGICUS\summafr\s3096.js
   Compressing: C:\tmp\theoverify\dist\THEOLOGICUS\summafr\s3097.js
   Compressing: C:\tmp\theoverify\dist\THEOLOGICUS\summafr\s3098.js
   Compressing: C:\tmp\theoverify\dist\THEOLOGICUS\summafr\s3099.js
   Compressing: C:\tmp\theoverify\dist\THEOLOGICUS\summafr\s3100.js
   Compressing: C:\tmp\theoverify\dist\THEOLOGICUS\summafr\s3101.js
   Compressing: C:\tmp\theoverify\dist\THEOLOGICUS\summafr\s3102.js
   Compressing: C:\tmp\theoverify\dist\THEOLOGICUS\summafr\s3103.js
   Compressing: C:\tmp\theoverify\dist\THEOLOGICUS\summafr\s3104.js
   Compressing: C:\tmp\theoverify\dist\THEOLOGICUS\summafr\s3105.js
   Compressing: C:\tmp\theoverify\dist\THEOLOGICUS\summafr\s3106.js
   Compressing: C:\tmp\theoverify\dist\THEOLOGICUS\summafr\s3107.js
   Compressing: C:\tmp\theoverify\dist\THEOLOGICUS\summafr\s3108.js
   Compressing: C:\tmp\theoverify\dist\THEOLOGICUS\summafr\s3109.js
   Compressing: C:\tmp\theoverify\dist\THEOLOGICUS\summafr\s3110.js
   Compressing: C:\tmp\theoverify\dist\THEOLOGICUS\summafr\s3111.js
   Compressing: C:\tmp\theoverify\dist\THEOLOGICUS\summafr\s3112.js
   Compressing: C:\tmp\theoverify\dist\THEOLOGICUS\summafr\s3113.js
   Compressing: C:\tmp\theoverify\dist\THEOLOGICUS\summafr\s3114.js
   Compressing: C:\tmp\theoverify\dist\THEOLOGICUS\summafr\s3115.js
   Compressing: C:\tmp\theoverify\dist\THEOLOGICUS\summafr\s3116.js
   Compressing: C:\tmp\theoverify\dist\THEOLOGICUS\summafr\s3117.js
   Compressing: C:\tmp\theoverify\dist\THEOLOGICUS\summafr\s3118.js
   Compressing: C:\tmp\theoverify\dist\THEOLOGICUS\summafr\s3119.js
   Compressing: C:\tmp\theoverify\dist\THEOLOGICUS\summafr\s3120.js
   Compressing: C:\tmp\theoverify\dist\THEOLOGICUS\summafr\s3121.js
   Compressing: C:\tmp\theoverify\dist\THEOLOGICUS\summafr\s3122.js
   Compressing: C:\tmp\theoverify\dist\THEOLOGICUS\summafr\s3123.js
   Compressing: C:\tmp\theoverify\dist\THEOLOGICUS\summafr\s3124.js
   Compressing: C:\tmp\theoverify\dist\THEOLOGICUS\summafr\s3125.js
   Compressing: C:\tmp\theoverify\dist\THEOLOGICUS\summafr\s3126.js
   Compressing: C:\tmp\theoverify\dist\THEOLOGICUS\summafr\s3127.js
   Compressing: C:\tmp\theoverify\dist\THEOLOGICUS\summafr\s3128.js
   Compressing: C:\tmp\theoverify\dist\THEOLOGICUS\summafr\s3129.js
   Compressing: C:\tmp\theoverify\dist\THEOLOGICUS\summafr\s3130.js
   Compressing: C:\tmp\theoverify\dist\THEOLOGICUS\summafr\s3131.js
   Compressing: C:\tmp\theoverify\dist\THEOLOGICUS\summafr\s3132.js
   Compressing: C:\tmp\theoverify\dist\THEOLOGICUS\summafr\s3133.js
   Compressing: C:\tmp\theoverify\dist\THEOLOGICUS\summafr\s3134.js
   Compressing: C:\tmp\theoverify\dist\THEOLOGICUS\summafr\s3135.js
   Compressing: C:\tmp\theoverify\dist\THEOLOGICUS\summafr\s3136.js
   Compressing: C:\tmp\theoverify\dist\THEOLOGICUS\summafr\s3137.js
   Compressing: C:\tmp\theoverify\dist\THEOLOGICUS\summafr\s3138.js
   Compressing: C:\tmp\theoverify\dist\THEOLOGICUS\summafr\s3139.js
   Compressing: C:\tmp\theoverify\dist\THEOLOGICUS\summafr\s3140.js
   Compressing: C:\tmp\theoverify\dist\THEOLOGICUS\summafr\s3141.js
   Compressing: C:\tmp\theoverify\dist\THEOLOGICUS\summafr\s3142.js
   Compressing: C:\tmp\theoverify\dist\THEOLOGICUS\summafr\s3143.js
   Compressing: C:\tmp\theoverify\dist\THEOLOGICUS\summafr\s3144.js
   Compressing: C:\tmp\theoverify\dist\THEOLOGICUS\summafr\s3145.js
   Compressing: C:\tmp\theoverify\dist\THEOLOGICUS\summafr\s3146.js
   Compressing: C:\tmp\theoverify\dist\THEOLOGICUS\summafr\s3147.js
   Compressing: C:\tmp\theoverify\dist\THEOLOGICUS\summafr\s3148.js
   Compressing: C:\tmp\theoverify\dist\THEOLOGICUS\summafr\s3149.js
   Compressing: C:\tmp\theoverify\dist\THEOLOGICUS\summafr\s3150.js
   Compressing: C:\tmp\theoverify\dist\THEOLOGICUS\summafr\s3151.js
   Compressing: C:\tmp\theoverify\dist\THEOLOGICUS\summafr\s3152.js
   Compressing: C:\tmp\theoverify\dist\THEOLOGICUS\summafr\s3153.js
   Compressing: C:\tmp\theoverify\dist\THEOLOGICUS\summafr\s3154.js
   Compressing: C:\tmp\theoverify\dist\THEOLOGICUS\summafr\s3155.js
   Compressing: C:\tmp\theoverify\dist\THEOLOGICUS\summafr\s3156.js
   Compressing: C:\tmp\theoverify\dist\THEOLOGICUS\summafr\s3157.js
   Compressing: C:\tmp\theoverify\dist\THEOLOGICUS\summafr\s3158.js
   Compressing: C:\tmp\theoverify\dist\THEOLOGICUS\summafr\s3159.js
   Compressing: C:\tmp\theoverify\dist\THEOLOGICUS\summafr\s3160.js
   Compressing: C:\tmp\theoverify\dist\THEOLOGICUS\summafr\s3161.js
   Compressing: C:\tmp\theoverify\dist\THEOLOGICUS\summafr\s3162.js
   Compressing: C:\tmp\theoverify\dist\THEOLOGICUS\summafr\s3163.js
   Compressing: C:\tmp\theoverify\dist\THEOLOGICUS\summafr\s3164.js
   Compressing: C:\tmp\theoverify\dist\THEOLOGICUS\summafr\s3165.js
   Compressing: C:\tmp\theoverify\dist\THEOLOGICUS\summafr\s3166.js
   Compressing: C:\tmp\theoverify\dist\THEOLOGICUS\summafr\s3167.js
   Compressing: C:\tmp\theoverify\dist\THEOLOGICUS\summafr\s3168.js
   Compressing: C:\tmp\theoverify\dist\THEOLOGICUS\summafr\s3169.js
   Compressing: C:\tmp\theoverify\dist\THEOLOGICUS\summafr\s3170.js
   Compressing: C:\tmp\theoverify\dist\THEOLOGICUS\summafr\s3171.js
   Compressing: C:\tmp\theoverify\dist\THEOLOGICUS\summafr\s3172.js
   Compressing: C:\tmp\theoverify\dist\THEOLOGICUS\summafr\s3173.js
   Compressing: C:\tmp\theoverify\dist\THEOLOGICUS\summafr\s3174.js
   Compressing: C:\tmp\theoverify\dist\THEOLOGICUS\summafr\s3175.js
   Compressing: C:\tmp\theoverify\dist\THEOLOGICUS\summafr\s3176.js
   Compressing: C:\tmp\theoverify\dist\THEOLOGICUS\summafr\s3177.js
   Compressing: C:\tmp\theoverify\dist\THEOLOGICUS\summafr\s3178.js
   Compressing: C:\tmp\theoverify\dist\THEOLOGICUS\summafr\s3179.js
   Compressing: C:\tmp\theoverify\dist\THEOLOGICUS\summafr\s3180.js
   Compressing: C:\tmp\theoverify\dist\THEOLOGICUS\summafr\s3181.js
   Compressing: C:\tmp\theoverify\dist\THEOLOGICUS\summafr\s3182.js
   Compressing: C:\tmp\theoverify\dist\THEOLOGICUS\summafr\s3183.js
   Compressing: C:\tmp\theoverify\dist\THEOLOGICUS\summafr\s3184.js
   Compressing: C:\tmp\theoverify\dist\THEOLOGICUS\summafr\s3185.js
   Compressing: C:\tmp\theoverify\dist\THEOLOGICUS\summafr\s3186.js
   Compressing: C:\tmp\theoverify\dist\THEOLOGICUS\summafr\s3187.js
   Compressing: C:\tmp\theoverify\dist\THEOLOGICUS\summafr\s3188.js
   Compressing: C:\tmp\theoverify\dist\THEOLOGICUS\summafr\s3189.js
   Compressing: C:\tmp\theoverify\dist\THEOLOGICUS\summafr\s4001.js
   Compressing: C:\tmp\theoverify\dist\THEOLOGICUS\summafr\s4002.js
   Compressing: C:\tmp\theoverify\dist\THEOLOGICUS\summafr\s4003.js
   Compressing: C:\tmp\theoverify\dist\THEOLOGICUS\summafr\s4004.js
   Compressing: C:\tmp\theoverify\dist\THEOLOGICUS\summafr\s4005.js
   Compressing: C:\tmp\theoverify\dist\THEOLOGICUS\summafr\s4006.js
   Compressing: C:\tmp\theoverify\dist\THEOLOGICUS\summafr\s4007.js
   Compressing: C:\tmp\theoverify\dist\THEOLOGICUS\summafr\s4008.js
   Compressing: C:\tmp\theoverify\dist\THEOLOGICUS\summafr\s4009.js
   Compressing: C:\tmp\theoverify\dist\THEOLOGICUS\summafr\s4010.js
   Compressing: C:\tmp\theoverify\dist\THEOLOGICUS\summafr\s4011.js
   Compressing: C:\tmp\theoverify\dist\THEOLOGICUS\summafr\s4012.js
   Compressing: C:\tmp\theoverify\dist\THEOLOGICUS\summafr\s4013.js
   Compressing: C:\tmp\theoverify\dist\THEOLOGICUS\summafr\s4014.js
   Compressing: C:\tmp\theoverify\dist\THEOLOGICUS\summafr\s4015.js
   Compressing: C:\tmp\theoverify\dist\THEOLOGICUS\summafr\s4016.js
   Compressing: C:\tmp\theoverify\dist\THEOLOGICUS\summafr\s4017.js
   Compressing: C:\tmp\theoverify\dist\THEOLOGICUS\summafr\s4018.js
   Compressing: C:\tmp\theoverify\dist\THEOLOGICUS\summafr\s4019.js
   Compressing: C:\tmp\theoverify\dist\THEOLOGICUS\summafr\s4020.js
   Compressing: C:\tmp\theoverify\dist\THEOLOGICUS\summafr\s4021.js
   Compressing: C:\tmp\theoverify\dist\THEOLOGICUS\summafr\s4022.js
   Compressing: C:\tmp\theoverify\dist\THEOLOGICUS\summafr\s4023.js
   Compressing: C:\tmp\theoverify\dist\THEOLOGICUS\summafr\s4024.js
   Compressing: C:\tmp\theoverify\dist\THEOLOGICUS\summafr\s4025.js
   Compressing: C:\tmp\theoverify\dist\THEOLOGICUS\summafr\s4026.js
   Compressing: C:\tmp\theoverify\dist\THEOLOGICUS\summafr\s4027.js
   Compressing: C:\tmp\theoverify\dist\THEOLOGICUS\summafr\s4028.js
   Compressing: C:\tmp\theoverify\dist\THEOLOGICUS\summafr\s4029.js
   Compressing: C:\tmp\theoverify\dist\THEOLOGICUS\summafr\s4030.js
   Compressing: C:\tmp\theoverify\dist\THEOLOGICUS\summafr\s4031.js
   Compressing: C:\tmp\theoverify\dist\THEOLOGICUS\summafr\s4032.js
   Compressing: C:\tmp\theoverify\dist\THEOLOGICUS\summafr\s4033.js
   Compressing: C:\tmp\theoverify\dist\THEOLOGICUS\summafr\s4034.js
   Compressing: C:\tmp\theoverify\dist\THEOLOGICUS\summafr\s4035.js
   Compressing: C:\tmp\theoverify\dist\THEOLOGICUS\summafr\s4036.js
   Compressing: C:\tmp\theoverify\dist\THEOLOGICUS\summafr\s4037.js
   Compressing: C:\tmp\theoverify\dist\THEOLOGICUS\summafr\s4038.js
   Compressing: C:\tmp\theoverify\dist\THEOLOGICUS\summafr\s4039.js
   Compressing: C:\tmp\theoverify\dist\THEOLOGICUS\summafr\s4040.js
   Compressing: C:\tmp\theoverify\dist\THEOLOGICUS\summafr\s4041.js
   Compressing: C:\tmp\theoverify\dist\THEOLOGICUS\summafr\s4042.js
   Compressing: C:\tmp\theoverify\dist\THEOLOGICUS\summafr\s4043.js
   Compressing: C:\tmp\theoverify\dist\THEOLOGICUS\summafr\s4044.js
   Compressing: C:\tmp\theoverify\dist\THEOLOGICUS\summafr\s4045.js
   Compressing: C:\tmp\theoverify\dist\THEOLOGICUS\summafr\s4046.js
   Compressing: C:\tmp\theoverify\dist\THEOLOGICUS\summafr\s4047.js
   Compressing: C:\tmp\theoverify\dist\THEOLOGICUS\summafr\s4048.js
   Compressing: C:\tmp\theoverify\dist\THEOLOGICUS\summafr\s4049.js
   Compressing: C:\tmp\theoverify\dist\THEOLOGICUS\summafr\s4050.js
   Compressing: C:\tmp\theoverify\dist\THEOLOGICUS\summafr\s4051.js
   Compressing: C:\tmp\theoverify\dist\THEOLOGICUS\summafr\s4052.js
   Compressing: C:\tmp\theoverify\dist\THEOLOGICUS\summafr\s4053.js
   Compressing: C:\tmp\theoverify\dist\THEOLOGICUS\summafr\s4054.js
   Compressing: C:\tmp\theoverify\dist\THEOLOGICUS\summafr\s4055.js
   Compressing: C:\tmp\theoverify\dist\THEOLOGICUS\summafr\s4056.js
   Compressing: C:\tmp\theoverify\dist\THEOLOGICUS\summafr\s4057.js
   Compressing: C:\tmp\theoverify\dist\THEOLOGICUS\summafr\s4058.js
   Compressing: C:\tmp\theoverify\dist\THEOLOGICUS\summafr\s4059.js
   Compressing: C:\tmp\theoverify\dist\THEOLOGICUS\summafr\s4060.js
   Compressing: C:\tmp\theoverify\dist\THEOLOGICUS\summafr\s4061.js
   Compressing: C:\tmp\theoverify\dist\THEOLOGICUS\summafr\s4062.js
   Compressing: C:\tmp\theoverify\dist\THEOLOGICUS\summafr\s4063.js
   Compressing: C:\tmp\theoverify\dist\THEOLOGICUS\summafr\s4064.js
   Compressing: C:\tmp\theoverify\dist\THEOLOGICUS\summafr\s4065.js
   Compressing: C:\tmp\theoverify\dist\THEOLOGICUS\summafr\s4066.js
   Compressing: C:\tmp\theoverify\dist\THEOLOGICUS\summafr\s4067.js
   Compressing: C:\tmp\theoverify\dist\THEOLOGICUS\summafr\s4068.js
   Compressing: C:\tmp\theoverify\dist\THEOLOGICUS\summafr\s4069.js
   Compressing: C:\tmp\theoverify\dist\THEOLOGICUS\summafr\s4070.js
   Compressing: C:\tmp\theoverify\dist\THEOLOGICUS\summafr\s4071.js
   Compressing: C:\tmp\theoverify\dist\THEOLOGICUS\summafr\s4072.js
   Compressing: C:\tmp\theoverify\dist\THEOLOGICUS\summafr\s4073.js
   Compressing: C:\tmp\theoverify\dist\THEOLOGICUS\summafr\s4074.js
   Compressing: C:\tmp\theoverify\dist\THEOLOGICUS\summafr\s4075.js
   Compressing: C:\tmp\theoverify\dist\THEOLOGICUS\summafr\s4076.js
   Compressing: C:\tmp\theoverify\dist\THEOLOGICUS\summafr\s4077.js
   Compressing: C:\tmp\theoverify\dist\THEOLOGICUS\summafr\s4078.js
   Compressing: C:\tmp\theoverify\dist\THEOLOGICUS\summafr\s4079.js
   Compressing: C:\tmp\theoverify\dist\THEOLOGICUS\summafr\s4080.js
   Compressing: C:\tmp\theoverify\dist\THEOLOGICUS\summafr\s4081.js
   Compressing: C:\tmp\theoverify\dist\THEOLOGICUS\summafr\s4082.js
   Compressing: C:\tmp\theoverify\dist\THEOLOGICUS\summafr\s4083.js
   Compressing: C:\tmp\theoverify\dist\THEOLOGICUS\summafr\s4084.js
   Compressing: C:\tmp\theoverify\dist\THEOLOGICUS\summafr\s4085.js
   Compressing: C:\tmp\theoverify\dist\THEOLOGICUS\summafr\s4086.js
   Compressing: C:\tmp\theoverify\dist\THEOLOGICUS\summafr\s4087.js
   Compressing: C:\tmp\theoverify\dist\THEOLOGICUS\summafr\s4088.js
   Compressing: C:\tmp\theoverify\dist\THEOLOGICUS\summafr\s4089.js
   Compressing: C:\tmp\theoverify\dist\THEOLOGICUS\summafr\s4090.js
   Compressing: C:\tmp\theoverify\dist\THEOLOGICUS\summafr\s5001.js
   Compressing: C:\tmp\theoverify\dist\THEOLOGICUS\summafr\s5002.js
   Compressing: C:\tmp\theoverify\dist\THEOLOGICUS\summafr\s5003.js
   Compressing: C:\tmp\theoverify\dist\THEOLOGICUS\summafr\s5004.js
   Compressing: C:\tmp\theoverify\dist\THEOLOGICUS\summafr\s5005.js
   Compressing: C:\tmp\theoverify\dist\THEOLOGICUS\summafr\s5006.js
   Compressing: C:\tmp\theoverify\dist\THEOLOGICUS\summafr\s5007.js
   Compressing: C:\tmp\theoverify\dist\THEOLOGICUS\summafr\s5008.js
   Compressing: C:\tmp\theoverify\dist\THEOLOGICUS\summafr\s5009.js
   Compressing: C:\tmp\theoverify\dist\THEOLOGICUS\summafr\s5010.js
   Compressing: C:\tmp\theoverify\dist\THEOLOGICUS\summafr\s5011.js
   Compressing: C:\tmp\theoverify\dist\THEOLOGICUS\summafr\s5012.js
   Compressing: C:\tmp\theoverify\dist\THEOLOGICUS\summafr\s5013.js
   Compressing: C:\tmp\theoverify\dist\THEOLOGICUS\summafr\s5014.js
   Compressing: C:\tmp\theoverify\dist\THEOLOGICUS\summafr\s5015.js
   Compressing: C:\tmp\theoverify\dist\THEOLOGICUS\summafr\s5016.js
   Compressing: C:\tmp\theoverify\dist\THEOLOGICUS\summafr\s5017.js
   Compressing: C:\tmp\theoverify\dist\THEOLOGICUS\summafr\s5018.js
   Compressing: C:\tmp\theoverify\dist\THEOLOGICUS\summafr\s5019.js
   Compressing: C:\tmp\theoverify\dist\THEOLOGICUS\summafr\s5020.js
   Compressing: C:\tmp\theoverify\dist\THEOLOGICUS\summafr\s5021.js
   Compressing: C:\tmp\theoverify\dist\THEOLOGICUS\summafr\s5022.js
   Compressing: C:\tmp\theoverify\dist\THEOLOGICUS\summafr\s5023.js
   Compressing: C:\tmp\theoverify\dist\THEOLOGICUS\summafr\s5024.js
   Compressing: C:\tmp\theoverify\dist\THEOLOGICUS\summafr\s5025.js
   Compressing: C:\tmp\theoverify\dist\THEOLOGICUS\summafr\s5026.js
   Compressing: C:\tmp\theoverify\dist\THEOLOGICUS\summafr\s5027.js
   Compressing: C:\tmp\theoverify\dist\THEOLOGICUS\summafr\s5028.js
   Compressing: C:\tmp\theoverify\dist\THEOLOGICUS\summafr\s5029.js
   Compressing: C:\tmp\theoverify\dist\THEOLOGICUS\summafr\s5030.js
   Compressing: C:\tmp\theoverify\dist\THEOLOGICUS\summafr\s5031.js
   Compressing: C:\tmp\theoverify\dist\THEOLOGICUS\summafr\s5032.js
   Compressing: C:\tmp\theoverify\dist\THEOLOGICUS\summafr\s5033.js
   Compressing: C:\tmp\theoverify\dist\THEOLOGICUS\summafr\s5034.js
   Compressing: C:\tmp\theoverify\dist\THEOLOGICUS\summafr\s5035.js
   Compressing: C:\tmp\theoverify\dist\THEOLOGICUS\summafr\s5036.js
   Compressing: C:\tmp\theoverify\dist\THEOLOGICUS\summafr\s5037.js
   Compressing: C:\tmp\theoverify\dist\THEOLOGICUS\summafr\s5038.js
   Compressing: C:\tmp\theoverify\dist\THEOLOGICUS\summafr\s5039.js
   Compressing: C:\tmp\theoverify\dist\THEOLOGICUS\summafr\s5040.js
   Compressing: C:\tmp\theoverify\dist\THEOLOGICUS\summafr\s5041.js
   Compressing: C:\tmp\theoverify\dist\THEOLOGICUS\summafr\s5042.js
   Compressing: C:\tmp\theoverify\dist\THEOLOGICUS\summafr\s5043.js
   Compressing: C:\tmp\theoverify\dist\THEOLOGICUS\summafr\s5044.js
   Compressing: C:\tmp\theoverify\dist\THEOLOGICUS\summafr\s5045.js
   Compressing: C:\tmp\theoverify\dist\THEOLOGICUS\summafr\s5046.js
   Compressing: C:\tmp\theoverify\dist\THEOLOGICUS\summafr\s5047.js
   Compressing: C:\tmp\theoverify\dist\THEOLOGICUS\summafr\s5048.js
   Compressing: C:\tmp\theoverify\dist\THEOLOGICUS\summafr\s5049.js
   Compressing: C:\tmp\theoverify\dist\THEOLOGICUS\summafr\s5050.js
   Compressing: C:\tmp\theoverify\dist\THEOLOGICUS\summafr\s5051.js
   Compressing: C:\tmp\theoverify\dist\THEOLOGICUS\summafr\s5052.js
   Compressing: C:\tmp\theoverify\dist\THEOLOGICUS\summafr\s5053.js
   Compressing: C:\tmp\theoverify\dist\THEOLOGICUS\summafr\s5054.js
   Compressing: C:\tmp\theoverify\dist\THEOLOGICUS\summafr\s5055.js
   Compressing: C:\tmp\theoverify\dist\THEOLOGICUS\summafr\s5056.js
   Compressing: C:\tmp\theoverify\dist\THEOLOGICUS\summafr\s5057.js
   Compressing: C:\tmp\theoverify\dist\THEOLOGICUS\summafr\s5058.js
   Compressing: C:\tmp\theoverify\dist\THEOLOGICUS\summafr\s5059.js
   Compressing: C:\tmp\theoverify\dist\THEOLOGICUS\summafr\s5060.js
   Compressing: C:\tmp\theoverify\dist\THEOLOGICUS\summafr\s5061.js
   Compressing: C:\tmp\theoverify\dist\THEOLOGICUS\summafr\s5062.js
   Compressing: C:\tmp\theoverify\dist\THEOLOGICUS\summafr\s5063.js
   Compressing: C:\tmp\theoverify\dist\THEOLOGICUS\summafr\s5064.js
   Compressing: C:\tmp\theoverify\dist\THEOLOGICUS\summafr\s5065.js
   Compressing: C:\tmp\theoverify\dist\THEOLOGICUS\summafr\s5066.js
   Compressing: C:\tmp\theoverify\dist\THEOLOGICUS\summafr\s5067.js
   Compressing: C:\tmp\theoverify\dist\THEOLOGICUS\summafr\s5068.js
   Compressing: C:\tmp\theoverify\dist\THEOLOGICUS\summafr\s5069.js
   Compressing: C:\tmp\theoverify\dist\THEOLOGICUS\summafr\s5070.js
   Compressing: C:\tmp\theoverify\dist\THEOLOGICUS\summafr\s5071.js
   Compressing: C:\tmp\theoverify\dist\THEOLOGICUS\summafr\s5072.js
   Compressing: C:\tmp\theoverify\dist\THEOLOGICUS\summafr\s5073.js
   Compressing: C:\tmp\theoverify\dist\THEOLOGICUS\summafr\s5074.js
   Compressing: C:\tmp\theoverify\dist\THEOLOGICUS\summafr\s5075.js
   Compressing: C:\tmp\theoverify\dist\THEOLOGICUS\summafr\s5076.js
   Compressing: C:\tmp\theoverify\dist\THEOLOGICUS\summafr\s5077.js
   Compressing: C:\tmp\theoverify\dist\THEOLOGICUS\summafr\s5078.js
   Compressing: C:\tmp\theoverify\dist\THEOLOGICUS\summafr\s5079.js
   Compressing: C:\tmp\theoverify\dist\THEOLOGICUS\summafr\s5080.js
   Compressing: C:\tmp\theoverify\dist\THEOLOGICUS\summafr\s5081.js
   Compressing: C:\tmp\theoverify\dist\THEOLOGICUS\summafr\s5082.js
   Compressing: C:\tmp\theoverify\dist\THEOLOGICUS\summafr\s5083.js
   Compressing: C:\tmp\theoverify\dist\THEOLOGICUS\summafr\s5084.js
   Compressing: C:\tmp\theoverify\dist\THEOLOGICUS\summafr\s5085.js
   Compressing: C:\tmp\theoverify\dist\THEOLOGICUS\summafr\s5086.js
   Compressing: C:\tmp\theoverify\dist\THEOLOGICUS\summafr\s5087.js
   Compressing: C:\tmp\theoverify\dist\THEOLOGICUS\summafr\s5088.js
   Compressing: C:\tmp\theoverify\dist\THEOLOGICUS\summafr\s5089.js
   Compressing: C:\tmp\theoverify\dist\THEOLOGICUS\summafr\s5090.js
   Compressing: C:\tmp\theoverify\dist\THEOLOGICUS\summafr\s5091.js
   Compressing: C:\tmp\theoverify\dist\THEOLOGICUS\summafr\s5092.js
   Compressing: C:\tmp\theoverify\dist\THEOLOGICUS\summafr\s5093.js
   Compressing: C:\tmp\theoverify\dist\THEOLOGICUS\summafr\s5094.js
   Compressing: C:\tmp\theoverify\dist\THEOLOGICUS\summafr\s5095.js
   Compressing: C:\tmp\theoverify\dist\THEOLOGICUS\summafr\s5096.js
   Compressing: C:\tmp\theoverify\dist\THEOLOGICUS\summafr\s5097.js
   Compressing: C:\tmp\theoverify\dist\THEOLOGICUS\summafr\s5098.js
   Compressing: C:\tmp\theoverify\dist\THEOLOGICUS\summafr\s5099.js
   Compressing: C:\tmp\theoverify\dist\THEOLOGICUS\summafr\s5100.js
   Compressing: C:\tmp\theoverify\dist\THEOLOGICUS\summafr\s5101.js
   Compressing: C:\tmp\theoverify\dist\THEOLOGICUS\tafsir\index.js
   Compressing: C:\tmp\theoverify\dist\THEOLOGICUS\tafsir\index.json
   Compressing: C:\tmp\theoverify\dist\THEOLOGICUS\tafsir\s1.js
   Compressing: C:\tmp\theoverify\dist\THEOLOGICUS\tafsir\s10.js
   Compressing: C:\tmp\theoverify\dist\THEOLOGICUS\tafsir\s100.js
   Compressing: C:\tmp\theoverify\dist\THEOLOGICUS\tafsir\s101.js
   Compressing: C:\tmp\theoverify\dist\THEOLOGICUS\tafsir\s102.js
   Compressing: C:\tmp\theoverify\dist\THEOLOGICUS\tafsir\s103.js
   Compressing: C:\tmp\theoverify\dist\THEOLOGICUS\tafsir\s104.js
   Compressing: C:\tmp\theoverify\dist\THEOLOGICUS\tafsir\s105.js
   Compressing: C:\tmp\theoverify\dist\THEOLOGICUS\tafsir\s106.js
   Compressing: C:\tmp\theoverify\dist\THEOLOGICUS\tafsir\s107.js
   Compressing: C:\tmp\theoverify\dist\THEOLOGICUS\tafsir\s108.js
   Compressing: C:\tmp\theoverify\dist\THEOLOGICUS\tafsir\s109.js
   Compressing: C:\tmp\theoverify\dist\THEOLOGICUS\tafsir\s11.js
   Compressing: C:\tmp\theoverify\dist\THEOLOGICUS\tafsir\s110.js
   Compressing: C:\tmp\theoverify\dist\THEOLOGICUS\tafsir\s111.js
   Compressing: C:\tmp\theoverify\dist\THEOLOGICUS\tafsir\s112.js
   Compressing: C:\tmp\theoverify\dist\THEOLOGICUS\tafsir\s113.js
   Compressing: C:\tmp\theoverify\dist\THEOLOGICUS\tafsir\s114.js
   Compressing: C:\tmp\theoverify\dist\THEOLOGICUS\tafsir\s12.js
   Compressing: C:\tmp\theoverify\dist\THEOLOGICUS\tafsir\s13.js
   Compressing: C:\tmp\theoverify\dist\THEOLOGICUS\tafsir\s14.js
   Compressing: C:\tmp\theoverify\dist\THEOLOGICUS\tafsir\s15.js
   Compressing: C:\tmp\theoverify\dist\THEOLOGICUS\tafsir\s16.js
   Compressing: C:\tmp\theoverify\dist\THEOLOGICUS\tafsir\s17.js
   Compressing: C:\tmp\theoverify\dist\THEOLOGICUS\tafsir\s18.js
   Compressing: C:\tmp\theoverify\dist\THEOLOGICUS\tafsir\s19.js
   Compressing: C:\tmp\theoverify\dist\THEOLOGICUS\tafsir\s2.js
   Compressing: C:\tmp\theoverify\dist\THEOLOGICUS\tafsir\s20.js
   Compressing: C:\tmp\theoverify\dist\THEOLOGICUS\tafsir\s21.js
   Compressing: C:\tmp\theoverify\dist\THEOLOGICUS\tafsir\s22.js
   Compressing: C:\tmp\theoverify\dist\THEOLOGICUS\tafsir\s23.js
   Compressing: C:\tmp\theoverify\dist\THEOLOGICUS\tafsir\s24.js
   Compressing: C:\tmp\theoverify\dist\THEOLOGICUS\tafsir\s25.js
   Compressing: C:\tmp\theoverify\dist\THEOLOGICUS\tafsir\s26.js
   Compressing: C:\tmp\theoverify\dist\THEOLOGICUS\tafsir\s27.js
   Compressing: C:\tmp\theoverify\dist\THEOLOGICUS\tafsir\s28.js
   Compressing: C:\tmp\theoverify\dist\THEOLOGICUS\tafsir\s29.js
   Compressing: C:\tmp\theoverify\dist\THEOLOGICUS\tafsir\s3.js
   Compressing: C:\tmp\theoverify\dist\THEOLOGICUS\tafsir\s30.js
   Compressing: C:\tmp\theoverify\dist\THEOLOGICUS\tafsir\s31.js
   Compressing: C:\tmp\theoverify\dist\THEOLOGICUS\tafsir\s32.js
   Compressing: C:\tmp\theoverify\dist\THEOLOGICUS\tafsir\s33.js
   Compressing: C:\tmp\theoverify\dist\THEOLOGICUS\tafsir\s34.js
   Compressing: C:\tmp\theoverify\dist\THEOLOGICUS\tafsir\s35.js
   Compressing: C:\tmp\theoverify\dist\THEOLOGICUS\tafsir\s36.js
   Compressing: C:\tmp\theoverify\dist\THEOLOGICUS\tafsir\s37.js
   Compressing: C:\tmp\theoverify\dist\THEOLOGICUS\tafsir\s38.js
   Compressing: C:\tmp\theoverify\dist\THEOLOGICUS\tafsir\s39.js
   Compressing: C:\tmp\theoverify\dist\THEOLOGICUS\tafsir\s4.js
   Compressing: C:\tmp\theoverify\dist\THEOLOGICUS\tafsir\s40.js
   Compressing: C:\tmp\theoverify\dist\THEOLOGICUS\tafsir\s41.js
   Compressing: C:\tmp\theoverify\dist\THEOLOGICUS\tafsir\s42.js
   Compressing: C:\tmp\theoverify\dist\THEOLOGICUS\tafsir\s43.js
   Compressing: C:\tmp\theoverify\dist\THEOLOGICUS\tafsir\s44.js
   Compressing: C:\tmp\theoverify\dist\THEOLOGICUS\tafsir\s45.js
   Compressing: C:\tmp\theoverify\dist\THEOLOGICUS\tafsir\s46.js
   Compressing: C:\tmp\theoverify\dist\THEOLOGICUS\tafsir\s47.js
   Compressing: C:\tmp\theoverify\dist\THEOLOGICUS\tafsir\s48.js
   Compressing: C:\tmp\theoverify\dist\THEOLOGICUS\tafsir\s49.js
   Compressing: C:\tmp\theoverify\dist\THEOLOGICUS\tafsir\s5.js
   Compressing: C:\tmp\theoverify\dist\THEOLOGICUS\tafsir\s50.js
   Compressing: C:\tmp\theoverify\dist\THEOLOGICUS\tafsir\s51.js
   Compressing: C:\tmp\theoverify\dist\THEOLOGICUS\tafsir\s52.js
   Compressing: C:\tmp\theoverify\dist\THEOLOGICUS\tafsir\s53.js
   Compressing: C:\tmp\theoverify\dist\THEOLOGICUS\tafsir\s54.js
   Compressing: C:\tmp\theoverify\dist\THEOLOGICUS\tafsir\s55.js
   Compressing: C:\tmp\theoverify\dist\THEOLOGICUS\tafsir\s56.js
   Compressing: C:\tmp\theoverify\dist\THEOLOGICUS\tafsir\s57.js
   Compressing: C:\tmp\theoverify\dist\THEOLOGICUS\tafsir\s58.js
   Compressing: C:\tmp\theoverify\dist\THEOLOGICUS\tafsir\s59.js
   Compressing: C:\tmp\theoverify\dist\THEOLOGICUS\tafsir\s6.js
   Compressing: C:\tmp\theoverify\dist\THEOLOGICUS\tafsir\s60.js
   Compressing: C:\tmp\theoverify\dist\THEOLOGICUS\tafsir\s61.js
   Compressing: C:\tmp\theoverify\dist\THEOLOGICUS\tafsir\s62.js
   Compressing: C:\tmp\theoverify\dist\THEOLOGICUS\tafsir\s63.js
   Compressing: C:\tmp\theoverify\dist\THEOLOGICUS\tafsir\s64.js
   Compressing: C:\tmp\theoverify\dist\THEOLOGICUS\tafsir\s65.js
   Compressing: C:\tmp\theoverify\dist\THEOLOGICUS\tafsir\s66.js
   Compressing: C:\tmp\theoverify\dist\THEOLOGICUS\tafsir\s67.js
   Compressing: C:\tmp\theoverify\dist\THEOLOGICUS\tafsir\s68.js
   Compressing: C:\tmp\theoverify\dist\THEOLOGICUS\tafsir\s69.js
   Compressing: C:\tmp\theoverify\dist\THEOLOGICUS\tafsir\s7.js
   Compressing: C:\tmp\theoverify\dist\THEOLOGICUS\tafsir\s70.js
   Compressing: C:\tmp\theoverify\dist\THEOLOGICUS\tafsir\s71.js
   Compressing: C:\tmp\theoverify\dist\THEOLOGICUS\tafsir\s72.js
   Compressing: C:\tmp\theoverify\dist\THEOLOGICUS\tafsir\s73.js
   Compressing: C:\tmp\theoverify\dist\THEOLOGICUS\tafsir\s74.js
   Compressing: C:\tmp\theoverify\dist\THEOLOGICUS\tafsir\s75.js
   Compressing: C:\tmp\theoverify\dist\THEOLOGICUS\tafsir\s76.js
   Compressing: C:\tmp\theoverify\dist\THEOLOGICUS\tafsir\s77.js
   Compressing: C:\tmp\theoverify\dist\THEOLOGICUS\tafsir\s78.js
   Compressing: C:\tmp\theoverify\dist\THEOLOGICUS\tafsir\s79.js
   Compressing: C:\tmp\theoverify\dist\THEOLOGICUS\tafsir\s8.js
   Compressing: C:\tmp\theoverify\dist\THEOLOGICUS\tafsir\s80.js
   Compressing: C:\tmp\theoverify\dist\THEOLOGICUS\tafsir\s81.js
   Compressing: C:\tmp\theoverify\dist\THEOLOGICUS\tafsir\s82.js
   Compressing: C:\tmp\theoverify\dist\THEOLOGICUS\tafsir\s83.js
   Compressing: C:\tmp\theoverify\dist\THEOLOGICUS\tafsir\s84.js
   Compressing: C:\tmp\theoverify\dist\THEOLOGICUS\tafsir\s85.js
   Compressing: C:\tmp\theoverify\dist\THEOLOGICUS\tafsir\s86.js
   Compressing: C:\tmp\theoverify\dist\THEOLOGICUS\tafsir\s87.js
   Compressing: C:\tmp\theoverify\dist\THEOLOGICUS\tafsir\s88.js
   Compressing: C:\tmp\theoverify\dist\THEOLOGICUS\tafsir\s89.js
   Compressing: C:\tmp\theoverify\dist\THEOLOGICUS\tafsir\s9.js
   Compressing: C:\tmp\theoverify\dist\THEOLOGICUS\tafsir\s90.js
   Compressing: C:\tmp\theoverify\dist\THEOLOGICUS\tafsir\s91.js
   Compressing: C:\tmp\theoverify\dist\THEOLOGICUS\tafsir\s92.js
   Compressing: C:\tmp\theoverify\dist\THEOLOGICUS\tafsir\s93.js
   Compressing: C:\tmp\theoverify\dist\THEOLOGICUS\tafsir\s94.js
   Compressing: C:\tmp\theoverify\dist\THEOLOGICUS\tafsir\s95.js
   Compressing: C:\tmp\theoverify\dist\THEOLOGICUS\tafsir\s96.js
   Compressing: C:\tmp\theoverify\dist\THEOLOGICUS\tafsir\s97.js
   Compressing: C:\tmp\theoverify\dist\THEOLOGICUS\tafsir\s98.js
   Compressing: C:\tmp\theoverify\dist\THEOLOGICUS\tafsir\s99.js
   Compressing: C:\tmp\theoverify\dist\THEOLOGICUS\tools\start_supertonic.py
   Compressing: C:\tmp\theoverify\dist\THEOLOGICUS\tools\supertonic\helper.py
   Compressing: C:\tmp\theoverify\dist\THEOLOGICUS\tools\supertonic\LICENSE
   Compressing: C:\tmp\theoverify\dist\THEOLOGICUS\_internal\base_library.zip
   Compressing: C:\tmp\theoverify\dist\THEOLOGICUS\_internal\libcrypto-3.dll
   Compressing: C:\tmp\theoverify\dist\THEOLOGICUS\_internal\libffi-8.dll
   Compressing: C:\tmp\theoverify\dist\THEOLOGICUS\_internal\libssl-3.dll
   Compressing: C:\tmp\theoverify\dist\THEOLOGICUS\_internal\pyexpat.pyd
   Compressing: C:\tmp\theoverify\dist\THEOLOGICUS\_internal\python3.dll
   Compressing: C:\tmp\theoverify\dist\THEOLOGICUS\_internal\python312.dll
   Compressing: C:\tmp\theoverify\dist\THEOLOGICUS\_internal\select.pyd
   Compressing: C:\tmp\theoverify\dist\THEOLOGICUS\_internal\unicodedata.pyd
   Compressing: C:\tmp\theoverify\dist\THEOLOGICUS\_internal\VCRUNTIME140.dll
   Compressing: C:\tmp\theoverify\dist\THEOLOGICUS\_internal\VCRUNTIME140_1.dll
   Compressing: C:\tmp\theoverify\dist\THEOLOGICUS\_internal\_asyncio.pyd
   Compressing: C:\tmp\theoverify\dist\THEOLOGICUS\_internal\_bz2.pyd
   Compressing: C:\tmp\theoverify\dist\THEOLOGICUS\_internal\_cffi_backend.cp312-win_amd64.pyd
   Compressing: C:\tmp\theoverify\dist\THEOLOGICUS\_internal\_ctypes.pyd
   Compressing: C:\tmp\theoverify\dist\THEOLOGICUS\_internal\_decimal.pyd
   Compressing: C:\tmp\theoverify\dist\THEOLOGICUS\_internal\_elementtree.pyd
   Compressing: C:\tmp\theoverify\dist\THEOLOGICUS\_internal\_hashlib.pyd
   Compressing: C:\tmp\theoverify\dist\THEOLOGICUS\_internal\_lzma.pyd
   Compressing: C:\tmp\theoverify\dist\THEOLOGICUS\_internal\_multiprocessing.pyd
   Compressing: C:\tmp\theoverify\dist\THEOLOGICUS\_internal\_overlapped.pyd
   Compressing: C:\tmp\theoverify\dist\THEOLOGICUS\_internal\_queue.pyd
   Compressing: C:\tmp\theoverify\dist\THEOLOGICUS\_internal\_socket.pyd
   Compressing: C:\tmp\theoverify\dist\THEOLOGICUS\_internal\_ssl.pyd
   Compressing: C:\tmp\theoverify\dist\THEOLOGICUS\_internal\_uuid.pyd
   Compressing: C:\tmp\theoverify\dist\THEOLOGICUS\_internal\_wmi.pyd
   Compressing: C:\tmp\theoverify\dist\THEOLOGICUS\_internal\clr_loader\hostfxr.py
   Compressing: C:\tmp\theoverify\dist\THEOLOGICUS\_internal\clr_loader\mono.py
   Compressing: C:\tmp\theoverify\dist\THEOLOGICUS\_internal\clr_loader\netfx.py
   Compressing: C:\tmp\theoverify\dist\THEOLOGICUS\_internal\clr_loader\py.typed
   Compressing: C:\tmp\theoverify\dist\THEOLOGICUS\_internal\clr_loader\types.py
   Compressing: C:\tmp\theoverify\dist\THEOLOGICUS\_internal\clr_loader\__init__.py
   Compressing: C:\tmp\theoverify\dist\THEOLOGICUS\_internal\clr_loader\ffi\hostfxr.py
   Compressing: C:\tmp\theoverify\dist\THEOLOGICUS\_internal\clr_loader\ffi\mono.py
   Compressing: C:\tmp\theoverify\dist\THEOLOGICUS\_internal\clr_loader\ffi\netfx.py
   Compressing: C:\tmp\theoverify\dist\THEOLOGICUS\_internal\clr_loader\ffi\__init__.py
   Compressing: C:\tmp\theoverify\dist\THEOLOGICUS\_internal\clr_loader\ffi\dlls\amd64\ClrLoader.dll
   Compressing: C:\tmp\theoverify\dist\THEOLOGICUS\_internal\clr_loader\ffi\dlls\amd64\ClrLoader.pdb
   Compressing: C:\tmp\theoverify\dist\THEOLOGICUS\_internal\clr_loader\ffi\dlls\x86\ClrLoader.dll
   Compressing: C:\tmp\theoverify\dist\THEOLOGICUS\_internal\clr_loader\ffi\dlls\x86\ClrLoader.pdb
   Compressing: C:\tmp\theoverify\dist\THEOLOGICUS\_internal\clr_loader\util\clr_error.py
   Compressing: C:\tmp\theoverify\dist\THEOLOGICUS\_internal\clr_loader\util\coreclr_errors.py
   Compressing: C:\tmp\theoverify\dist\THEOLOGICUS\_internal\clr_loader\util\find.py
   Compressing: C:\tmp\theoverify\dist\THEOLOGICUS\_internal\clr_loader\util\hostfxr_errors.py
   Compressing: C:\tmp\theoverify\dist\THEOLOGICUS\_internal\clr_loader\util\runtime_spec.py
   Compressing: C:\tmp\theoverify\dist\THEOLOGICUS\_internal\clr_loader\util\__init__.py
   Compressing: C:\tmp\theoverify\dist\THEOLOGICUS\_internal\clr_loader-0.3.1.dist-info\INSTALLER
   Compressing: C:\tmp\theoverify\dist\THEOLOGICUS\_internal\clr_loader-0.3.1.dist-info\METADATA
   Compressing: C:\tmp\theoverify\dist\THEOLOGICUS\_internal\clr_loader-0.3.1.dist-info\RECORD
   Compressing: C:\tmp\theoverify\dist\THEOLOGICUS\_internal\clr_loader-0.3.1.dist-info\top_level.txt
   Compressing: C:\tmp\theoverify\dist\THEOLOGICUS\_internal\clr_loader-0.3.1.dist-info\WHEEL
   Compressing: C:\tmp\theoverify\dist\THEOLOGICUS\_internal\clr_loader-0.3.1.dist-info\licenses\LICENSE
   Compressing: C:\tmp\theoverify\dist\THEOLOGICUS\_internal\cryptography\hazmat\bindings\_rust.pyd
   Compressing: C:\tmp\theoverify\dist\THEOLOGICUS\_internal\cryptography-50.0.1.dist-info\INSTALLER
   Compressing: C:\tmp\theoverify\dist\THEOLOGICUS\_internal\cryptography-50.0.1.dist-info\METADATA
   Compressing: C:\tmp\theoverify\dist\THEOLOGICUS\_internal\cryptography-50.0.1.dist-info\RECORD
   Compressing: C:\tmp\theoverify\dist\THEOLOGICUS\_internal\cryptography-50.0.1.dist-info\REQUESTED
   Compressing: C:\tmp\theoverify\dist\THEOLOGICUS\_internal\cryptography-50.0.1.dist-info\WHEEL
   Compressing: C:\tmp\theoverify\dist\THEOLOGICUS\_internal\cryptography-50.0.1.dist-info\licenses\LICENSE
   Compressing: C:\tmp\theoverify\dist\THEOLOGICUS\_internal\cryptography-50.0.1.dist-info\licenses\LICENSE.APACHE
   Compressing: C:\tmp\theoverify\dist\THEOLOGICUS\_internal\cryptography-50.0.1.dist-info\licenses\LICENSE.BSD
   Compressing: C:\tmp\theoverify\dist\THEOLOGICUS\_internal\cryptography-50.0.1.dist-info\sboms\cryptography-rust.cyclonedx.json
   Compressing: C:\tmp\theoverify\dist\THEOLOGICUS\_internal\cryptography-50.0.1.dist-info\sboms\sbom.json
   Compressing: C:\tmp\theoverify\dist\THEOLOGICUS\_internal\markupsafe\_speedups.cp312-win_amd64.pyd
   Compressing: C:\tmp\theoverify\dist\THEOLOGICUS\_internal\markupsafe-3.0.3.dist-info\INSTALLER
   Compressing: C:\tmp\theoverify\dist\THEOLOGICUS\_internal\markupsafe-3.0.3.dist-info\METADATA
   Compressing: C:\tmp\theoverify\dist\THEOLOGICUS\_internal\markupsafe-3.0.3.dist-info\RECORD
   Compressing: C:\tmp\theoverify\dist\THEOLOGICUS\_internal\markupsafe-3.0.3.dist-info\top_level.txt
   Compressing: C:\tmp\theoverify\dist\THEOLOGICUS\_internal\markupsafe-3.0.3.dist-info\WHEEL
   Compressing: C:\tmp\theoverify\dist\THEOLOGICUS\_internal\markupsafe-3.0.3.dist-info\licenses\LICENSE.txt
   Compressing: C:\tmp\theoverify\dist\THEOLOGICUS\_internal\pythonnet\__init__.py
   Compressing: C:\tmp\theoverify\dist\THEOLOGICUS\_internal\pythonnet\runtime\Microsoft.Win32.Primitives.dll
   Compressing: C:\tmp\theoverify\dist\THEOLOGICUS\_internal\pythonnet\runtime\netstandard.dll
   Compressing: C:\tmp\theoverify\dist\THEOLOGICUS\_internal\pythonnet\runtime\Python.Runtime.deps.json
   Compressing: C:\tmp\theoverify\dist\THEOLOGICUS\_internal\pythonnet\runtime\Python.Runtime.dll
   Compressing: C:\tmp\theoverify\dist\THEOLOGICUS\_internal\pythonnet\runtime\Python.Runtime.xml
   Compressing: C:\tmp\theoverify\dist\THEOLOGICUS\_internal\pythonnet\runtime\System.AppContext.dll
   Compressing: C:\tmp\theoverify\dist\THEOLOGICUS\_internal\pythonnet\runtime\System.Collections.Concurrent.dll
   Compressing: C:\tmp\theoverify\dist\THEOLOGICUS\_internal\pythonnet\runtime\System.Collections.dll
   Compressing: C:\tmp\theoverify\dist\THEOLOGICUS\_internal\pythonnet\runtime\System.Collections.NonGeneric.dll
   Compressing: C:\tmp\theoverify\dist\THEOLOGICUS\_internal\pythonnet\runtime\System.Collections.Specialized.dll
   Compressing: C:\tmp\theoverify\dist\THEOLOGICUS\_internal\pythonnet\runtime\System.ComponentModel.dll
   Compressing: C:\tmp\theoverify\dist\THEOLOGICUS\_internal\pythonnet\runtime\System.ComponentModel.EventBasedAsync.dll
   Compressing: C:\tmp\theoverify\dist\THEOLOGICUS\_internal\pythonnet\runtime\System.ComponentModel.Primitives.dll
   Compressing: C:\tmp\theoverify\dist\THEOLOGICUS\_internal\pythonnet\runtime\System.ComponentModel.TypeConverter.dll
   Compressing: C:\tmp\theoverify\dist\THEOLOGICUS\_internal\pythonnet\runtime\System.Console.dll
   Compressing: C:\tmp\theoverify\dist\THEOLOGICUS\_internal\pythonnet\runtime\System.Data.Common.dll
   Compressing: C:\tmp\theoverify\dist\THEOLOGICUS\_internal\pythonnet\runtime\System.Diagnostics.Contracts.dll
   Compressing: C:\tmp\theoverify\dist\THEOLOGICUS\_internal\pythonnet\runtime\System.Diagnostics.Debug.dll
   Compressing: C:\tmp\theoverify\dist\THEOLOGICUS\_internal\pythonnet\runtime\System.Diagnostics.FileVersionInfo.dll
   Compressing: C:\tmp\theoverify\dist\THEOLOGICUS\_internal\pythonnet\runtime\System.Diagnostics.Process.dll
   Compressing: C:\tmp\theoverify\dist\THEOLOGICUS\_internal\pythonnet\runtime\System.Diagnostics.StackTrace.dll
   Compressing: C:\tmp\theoverify\dist\THEOLOGICUS\_internal\pythonnet\runtime\System.Diagnostics.TextWriterTraceListener.dll
   Compressing: C:\tmp\theoverify\dist\THEOLOGICUS\_internal\pythonnet\runtime\System.Diagnostics.Tools.dll
   Compressing: C:\tmp\theoverify\dist\THEOLOGICUS\_internal\pythonnet\runtime\System.Diagnostics.TraceSource.dll
   Compressing: C:\tmp\theoverify\dist\THEOLOGICUS\_internal\pythonnet\runtime\System.Diagnostics.Tracing.dll
   Compressing: C:\tmp\theoverify\dist\THEOLOGICUS\_internal\pythonnet\runtime\System.Drawing.Primitives.dll
   Compressing: C:\tmp\theoverify\dist\THEOLOGICUS\_internal\pythonnet\runtime\System.Dynamic.Runtime.dll
   Compressing: C:\tmp\theoverify\dist\THEOLOGICUS\_internal\pythonnet\runtime\System.Globalization.Calendars.dll
   Compressing: C:\tmp\theoverify\dist\THEOLOGICUS\_internal\pythonnet\runtime\System.Globalization.dll
   Compressing: C:\tmp\theoverify\dist\THEOLOGICUS\_internal\pythonnet\runtime\System.Globalization.Extensions.dll
   Compressing: C:\tmp\theoverify\dist\THEOLOGICUS\_internal\pythonnet\runtime\System.IO.Compression.dll
   Compressing: C:\tmp\theoverify\dist\THEOLOGICUS\_internal\pythonnet\runtime\System.IO.Compression.ZipFile.dll
   Compressing: C:\tmp\theoverify\dist\THEOLOGICUS\_internal\pythonnet\runtime\System.IO.dll
   Compressing: C:\tmp\theoverify\dist\THEOLOGICUS\_internal\pythonnet\runtime\System.IO.FileSystem.dll
   Compressing: C:\tmp\theoverify\dist\THEOLOGICUS\_internal\pythonnet\runtime\System.IO.FileSystem.DriveInfo.dll
   Compressing: C:\tmp\theoverify\dist\THEOLOGICUS\_internal\pythonnet\runtime\System.IO.FileSystem.Primitives.dll
   Compressing: C:\tmp\theoverify\dist\THEOLOGICUS\_internal\pythonnet\runtime\System.IO.FileSystem.Watcher.dll
   Compressing: C:\tmp\theoverify\dist\THEOLOGICUS\_internal\pythonnet\runtime\System.IO.IsolatedStorage.dll
   Compressing: C:\tmp\theoverify\dist\THEOLOGICUS\_internal\pythonnet\runtime\System.IO.MemoryMappedFiles.dll
   Compressing: C:\tmp\theoverify\dist\THEOLOGICUS\_internal\pythonnet\runtime\System.IO.Pipes.dll
   Compressing: C:\tmp\theoverify\dist\THEOLOGICUS\_internal\pythonnet\runtime\System.IO.UnmanagedMemoryStream.dll
   Compressing: C:\tmp\theoverify\dist\THEOLOGICUS\_internal\pythonnet\runtime\System.Linq.dll
   Compressing: C:\tmp\theoverify\dist\THEOLOGICUS\_internal\pythonnet\runtime\System.Linq.Expressions.dll
   Compressing: C:\tmp\theoverify\dist\THEOLOGICUS\_internal\pythonnet\runtime\System.Linq.Parallel.dll
   Compressing: C:\tmp\theoverify\dist\THEOLOGICUS\_internal\pythonnet\runtime\System.Linq.Queryable.dll
   Compressing: C:\tmp\theoverify\dist\THEOLOGICUS\_internal\pythonnet\runtime\System.Net.Http.dll
   Compressing: C:\tmp\theoverify\dist\THEOLOGICUS\_internal\pythonnet\runtime\System.Net.NameResolution.dll
   Compressing: C:\tmp\theoverify\dist\THEOLOGICUS\_internal\pythonnet\runtime\System.Net.NetworkInformation.dll
   Compressing: C:\tmp\theoverify\dist\THEOLOGICUS\_internal\pythonnet\runtime\System.Net.Ping.dll
   Compressing: C:\tmp\theoverify\dist\THEOLOGICUS\_internal\pythonnet\runtime\System.Net.Primitives.dll
   Compressing: C:\tmp\theoverify\dist\THEOLOGICUS\_internal\pythonnet\runtime\System.Net.Requests.dll
   Compressing: C:\tmp\theoverify\dist\THEOLOGICUS\_internal\pythonnet\runtime\System.Net.Security.dll
   Compressing: C:\tmp\theoverify\dist\THEOLOGICUS\_internal\pythonnet\runtime\System.Net.Sockets.dll
   Compressing: C:\tmp\theoverify\dist\THEOLOGICUS\_internal\pythonnet\runtime\System.Net.WebHeaderCollection.dll
   Compressing: C:\tmp\theoverify\dist\THEOLOGICUS\_internal\pythonnet\runtime\System.Net.WebSockets.Client.dll
   Compressing: C:\tmp\theoverify\dist\THEOLOGICUS\_internal\pythonnet\runtime\System.Net.WebSockets.dll
   Compressing: C:\tmp\theoverify\dist\THEOLOGICUS\_internal\pythonnet\runtime\System.ObjectModel.dll
   Compressing: C:\tmp\theoverify\dist\THEOLOGICUS\_internal\pythonnet\runtime\System.Reflection.dll
   Compressing: C:\tmp\theoverify\dist\THEOLOGICUS\_internal\pythonnet\runtime\System.Reflection.Extensions.dll
   Compressing: C:\tmp\theoverify\dist\THEOLOGICUS\_internal\pythonnet\runtime\System.Reflection.Primitives.dll
   Compressing: C:\tmp\theoverify\dist\THEOLOGICUS\_internal\pythonnet\runtime\System.Resources.Reader.dll
   Compressing: C:\tmp\theoverify\dist\THEOLOGICUS\_internal\pythonnet\runtime\System.Resources.ResourceManager.dll
   Compressing: C:\tmp\theoverify\dist\THEOLOGICUS\_internal\pythonnet\runtime\System.Resources.Writer.dll
   Compressing: C:\tmp\theoverify\dist\THEOLOGICUS\_internal\pythonnet\runtime\System.Runtime.CompilerServices.VisualC.dll
   Compressing: C:\tmp\theoverify\dist\THEOLOGICUS\_internal\pythonnet\runtime\System.Runtime.dll
   Compressing: C:\tmp\theoverify\dist\THEOLOGICUS\_internal\pythonnet\runtime\System.Runtime.Extensions.dll
   Compressing: C:\tmp\theoverify\dist\THEOLOGICUS\_internal\pythonnet\runtime\System.Runtime.Handles.dll
   Compressing: C:\tmp\theoverify\dist\THEOLOGICUS\_internal\pythonnet\runtime\System.Runtime.InteropServices.dll
   Compressing: C:\tmp\theoverify\dist\THEOLOGICUS\_internal\pythonnet\runtime\System.Runtime.InteropServices.RuntimeInformation.dll
   Compressing: C:\tmp\theoverify\dist\THEOLOGICUS\_internal\pythonnet\runtime\System.Runtime.Numerics.dll
   Compressing: C:\tmp\theoverify\dist\THEOLOGICUS\_internal\pythonnet\runtime\System.Runtime.Serialization.Formatters.dll
   Compressing: C:\tmp\theoverify\dist\THEOLOGICUS\_internal\pythonnet\runtime\System.Runtime.Serialization.Json.dll
   Compressing: C:\tmp\theoverify\dist\THEOLOGICUS\_internal\pythonnet\runtime\System.Runtime.Serialization.Primitives.dll
   Compressing: C:\tmp\theoverify\dist\THEOLOGICUS\_internal\pythonnet\runtime\System.Runtime.Serialization.Xml.dll
   Compressing: C:\tmp\theoverify\dist\THEOLOGICUS\_internal\pythonnet\runtime\System.Security.Claims.dll
   Compressing: C:\tmp\theoverify\dist\THEOLOGICUS\_internal\pythonnet\runtime\System.Security.Cryptography.Algorithms.dll
   Compressing: C:\tmp\theoverify\dist\THEOLOGICUS\_internal\pythonnet\runtime\System.Security.Cryptography.Csp.dll
   Compressing: C:\tmp\theoverify\dist\THEOLOGICUS\_internal\pythonnet\runtime\System.Security.Cryptography.Encoding.dll
   Compressing: C:\tmp\theoverify\dist\THEOLOGICUS\_internal\pythonnet\runtime\System.Security.Cryptography.Primitives.dll
   Compressing: C:\tmp\theoverify\dist\THEOLOGICUS\_internal\pythonnet\runtime\System.Security.Cryptography.X509Certificates.dll
   Compressing: C:\tmp\theoverify\dist\THEOLOGICUS\_internal\pythonnet\runtime\System.Security.Principal.dll
   Compressing: C:\tmp\theoverify\dist\THEOLOGICUS\_internal\pythonnet\runtime\System.Security.SecureString.dll
   Compressing: C:\tmp\theoverify\dist\THEOLOGICUS\_internal\pythonnet\runtime\System.Text.Encoding.dll
   Compressing: C:\tmp\theoverify\dist\THEOLOGICUS\_internal\pythonnet\runtime\System.Text.Encoding.Extensions.dll
   Compressing: C:\tmp\theoverify\dist\THEOLOGICUS\_internal\pythonnet\runtime\System.Text.RegularExpressions.dll
   Compressing: C:\tmp\theoverify\dist\THEOLOGICUS\_internal\pythonnet\runtime\System.Threading.dll
   Compressing: C:\tmp\theoverify\dist\THEOLOGICUS\_internal\pythonnet\runtime\System.Threading.Overlapped.dll
   Compressing: C:\tmp\theoverify\dist\THEOLOGICUS\_internal\pythonnet\runtime\System.Threading.Tasks.dll
   Compressing: C:\tmp\theoverify\dist\THEOLOGICUS\_internal\pythonnet\runtime\System.Threading.Tasks.Parallel.dll
   Compressing: C:\tmp\theoverify\dist\THEOLOGICUS\_internal\pythonnet\runtime\System.Threading.Thread.dll
   Compressing: C:\tmp\theoverify\dist\THEOLOGICUS\_internal\pythonnet\runtime\System.Threading.ThreadPool.dll
   Compressing: C:\tmp\theoverify\dist\THEOLOGICUS\_internal\pythonnet\runtime\System.Threading.Timer.dll
   Compressing: C:\tmp\theoverify\dist\THEOLOGICUS\_internal\pythonnet\runtime\System.ValueTuple.dll
   Compressing: C:\tmp\theoverify\dist\THEOLOGICUS\_internal\pythonnet\runtime\System.Xml.ReaderWriter.dll
   Compressing: C:\tmp\theoverify\dist\THEOLOGICUS\_internal\pythonnet\runtime\System.Xml.XDocument.dll
   Compressing: C:\tmp\theoverify\dist\THEOLOGICUS\_internal\pythonnet\runtime\System.Xml.XmlDocument.dll
   Compressing: C:\tmp\theoverify\dist\THEOLOGICUS\_internal\pythonnet\runtime\System.Xml.XmlSerializer.dll
   Compressing: C:\tmp\theoverify\dist\THEOLOGICUS\_internal\pythonnet\runtime\System.Xml.XPath.dll
   Compressing: C:\tmp\theoverify\dist\THEOLOGICUS\_internal\pythonnet\runtime\System.Xml.XPath.XDocument.dll
   Compressing: C:\tmp\theoverify\dist\THEOLOGICUS\_internal\pythonnet\_pyinstaller\hook-clr.py
   Compressing: C:\tmp\theoverify\dist\THEOLOGICUS\_internal\pythonnet\_pyinstaller\__init__.py
   Compressing: C:\tmp\theoverify\dist\THEOLOGICUS\_internal\pythonnet-3.1.0.dist-info\entry_points.txt
   Compressing: C:\tmp\theoverify\dist\THEOLOGICUS\_internal\pythonnet-3.1.0.dist-info\INSTALLER
   Compressing: C:\tmp\theoverify\dist\THEOLOGICUS\_internal\pythonnet-3.1.0.dist-info\METADATA
   Compressing: C:\tmp\theoverify\dist\THEOLOGICUS\_internal\pythonnet-3.1.0.dist-info\RECORD
   Compressing: C:\tmp\theoverify\dist\THEOLOGICUS\_internal\pythonnet-3.1.0.dist-info\top_level.txt
   Compressing: C:\tmp\theoverify\dist\THEOLOGICUS\_internal\pythonnet-3.1.0.dist-info\WHEEL
   Compressing: C:\tmp\theoverify\dist\THEOLOGICUS\_internal\pythonnet-3.1.0.dist-info\licenses\AUTHORS.md
   Compressing: C:\tmp\theoverify\dist\THEOLOGICUS\_internal\pythonnet-3.1.0.dist-info\licenses\LICENSE
   Compressing: C:\tmp\theoverify\dist\THEOLOGICUS\_internal\pywebview-6.2.1.dist-info\entry_points.txt
   Compressing: C:\tmp\theoverify\dist\THEOLOGICUS\_internal\pywebview-6.2.1.dist-info\INSTALLER
   Compressing: C:\tmp\theoverify\dist\THEOLOGICUS\_internal\pywebview-6.2.1.dist-info\METADATA
   Compressing: C:\tmp\theoverify\dist\THEOLOGICUS\_internal\pywebview-6.2.1.dist-info\RECORD
   Compressing: C:\tmp\theoverify\dist\THEOLOGICUS\_internal\pywebview-6.2.1.dist-info\REQUESTED
   Compressing: C:\tmp\theoverify\dist\THEOLOGICUS\_internal\pywebview-6.2.1.dist-info\top_level.txt
   Compressing: C:\tmp\theoverify\dist\THEOLOGICUS\_internal\pywebview-6.2.1.dist-info\WHEEL
   Compressing: C:\tmp\theoverify\dist\THEOLOGICUS\_internal\pywebview-6.2.1.dist-info\licenses\LICENSE
   Compressing: C:\tmp\theoverify\dist\THEOLOGICUS\_internal\setuptools\_vendor\importlib_metadata-8.7.1.dist-info\INSTALLER
   Compressing: C:\tmp\theoverify\dist\THEOLOGICUS\_internal\setuptools\_vendor\importlib_metadata-8.7.1.dist-info\METADATA
   Compressing: C:\tmp\theoverify\dist\THEOLOGICUS\_internal\setuptools\_vendor\importlib_metadata-8.7.1.dist-info\RECORD
   Compressing: C:\tmp\theoverify\dist\THEOLOGICUS\_internal\setuptools\_vendor\importlib_metadata-8.7.1.dist-info\REQUESTED
   Compressing: C:\tmp\theoverify\dist\THEOLOGICUS\_internal\setuptools\_vendor\importlib_metadata-8.7.1.dist-info\top_level.txt
   Compressing: C:\tmp\theoverify\dist\THEOLOGICUS\_internal\setuptools\_vendor\importlib_metadata-8.7.1.dist-info\WHEEL
   Compressing: C:\tmp\theoverify\dist\THEOLOGICUS\_internal\setuptools\_vendor\importlib_metadata-8.7.1.dist-info\licenses\LICENSE
   Compressing: C:\tmp\theoverify\dist\THEOLOGICUS\_internal\setuptools\_vendor\jaraco\text\Lorem ipsum.txt
   Compressing: C:\tmp\theoverify\dist\THEOLOGICUS\_internal\webview\errors.py
   Compressing: C:\tmp\theoverify\dist\THEOLOGICUS\_internal\webview\event.py
   Compressing: C:\tmp\theoverify\dist\THEOLOGICUS\_internal\webview\guilib.py
   Compressing: C:\tmp\theoverify\dist\THEOLOGICUS\_internal\webview\http.py
   Compressing: C:\tmp\theoverify\dist\THEOLOGICUS\_internal\webview\localization.py
   Compressing: C:\tmp\theoverify\dist\THEOLOGICUS\_internal\webview\menu.py
   Compressing: C:\tmp\theoverify\dist\THEOLOGICUS\_internal\webview\models.py
   Compressing: C:\tmp\theoverify\dist\THEOLOGICUS\_internal\webview\py.typed
   Compressing: C:\tmp\theoverify\dist\THEOLOGICUS\_internal\webview\screen.py
   Compressing: C:\tmp\theoverify\dist\THEOLOGICUS\_internal\webview\state.py
   Compressing: C:\tmp\theoverify\dist\THEOLOGICUS\_internal\webview\util.py
   Compressing: C:\tmp\theoverify\dist\THEOLOGICUS\_internal\webview\window.py
   Compressing: C:\tmp\theoverify\dist\THEOLOGICUS\_internal\webview\_version.py
   Compressing: C:\tmp\theoverify\dist\THEOLOGICUS\_internal\webview\__init__.py
   Compressing: C:\tmp\theoverify\dist\THEOLOGICUS\_internal\webview\dom\classlist.py
   Compressing: C:\tmp\theoverify\dist\THEOLOGICUS\_internal\webview\dom\dom.py
   Compressing: C:\tmp\theoverify\dist\THEOLOGICUS\_internal\webview\dom\element.py
   Compressing: C:\tmp\theoverify\dist\THEOLOGICUS\_internal\webview\dom\event.py
   Compressing: C:\tmp\theoverify\dist\THEOLOGICUS\_internal\webview\dom\propsdict.py
   Compressing: C:\tmp\theoverify\dist\THEOLOGICUS\_internal\webview\dom\__init__.py
   Compressing: C:\tmp\theoverify\dist\THEOLOGICUS\_internal\webview\js\api.js
   Compressing: C:\tmp\theoverify\dist\THEOLOGICUS\_internal\webview\js\customize.js
   Compressing: C:\tmp\theoverify\dist\THEOLOGICUS\_internal\webview\js\finish.js
   Compressing: C:\tmp\theoverify\dist\THEOLOGICUS\_internal\webview\js\state.js
   Compressing: C:\tmp\theoverify\dist\THEOLOGICUS\_internal\webview\js\lib\dom_json.js
   Compressing: C:\tmp\theoverify\dist\THEOLOGICUS\_internal\webview\js\lib\polyfill.js
   Compressing: C:\tmp\theoverify\dist\THEOLOGICUS\_internal\webview\lib\Microsoft.Web.WebView2.Core.dll
   Compressing: C:\tmp\theoverify\dist\THEOLOGICUS\_internal\webview\lib\Microsoft.Web.WebView2.WinForms.dll
   Compressing: C:\tmp\theoverify\dist\THEOLOGICUS\_internal\webview\lib\pywebview-android.jar
   Compressing: C:\tmp\theoverify\dist\THEOLOGICUS\_internal\webview\lib\WebBrowserInterop.x64.dll
   Compressing: C:\tmp\theoverify\dist\THEOLOGICUS\_internal\webview\lib\WebBrowserInterop.x86.dll
   Compressing: C:\tmp\theoverify\dist\THEOLOGICUS\_internal\webview\lib\runtimes\win-arm64\native\WebView2Loader.dll
   Compressing: C:\tmp\theoverify\dist\THEOLOGICUS\_internal\webview\lib\runtimes\win-x64\native\WebView2Loader.dll
   Compressing: C:\tmp\theoverify\dist\THEOLOGICUS\_internal\webview\lib\runtimes\win-x86\native\WebView2Loader.dll
   Compressing: C:\tmp\theoverify\dist\THEOLOGICUS\_internal\webview\platforms\cef.py
   Compressing: C:\tmp\theoverify\dist\THEOLOGICUS\_internal\webview\platforms\cocoa.py
   Compressing: C:\tmp\theoverify\dist\THEOLOGICUS\_internal\webview\platforms\edgechromium.py
   Compressing: C:\tmp\theoverify\dist\THEOLOGICUS\_internal\webview\platforms\gtk.py
   Compressing: C:\tmp\theoverify\dist\THEOLOGICUS\_internal\webview\platforms\mshtml.py
   Compressing: C:\tmp\theoverify\dist\THEOLOGICUS\_internal\webview\platforms\qt.py
   Compressing: C:\tmp\theoverify\dist\THEOLOGICUS\_internal\webview\platforms\win32.py
   Compressing: C:\tmp\theoverify\dist\THEOLOGICUS\_internal\webview\platforms\winforms.py
   Compressing: C:\tmp\theoverify\dist\THEOLOGICUS\_internal\webview\platforms\__init__.py
   Compressing: C:\tmp\theoverify\dist\THEOLOGICUS\_internal\webview\platforms\android\app.py
   Compressing: C:\tmp\theoverify\dist\THEOLOGICUS\_internal\webview\platforms\android\base.py
   Compressing: C:\tmp\theoverify\dist\THEOLOGICUS\_internal\webview\platforms\android\event.py
   Compressing: C:\tmp\theoverify\dist\THEOLOGICUS\_internal\webview\platforms\android\__init__.py
   Compressing: C:\tmp\theoverify\dist\THEOLOGICUS\_internal\webview\platforms\android\jclass\app.py
   Compressing: C:\tmp\theoverify\dist\THEOLOGICUS\_internal\webview\platforms\android\jclass\content.py
   Compressing: C:\tmp\theoverify\dist\THEOLOGICUS\_internal\webview\platforms\android\jclass\net.py
   Compressing: C:\tmp\theoverify\dist\THEOLOGICUS\_internal\webview\platforms\android\jclass\os.py
   Compressing: C:\tmp\theoverify\dist\THEOLOGICUS\_internal\webview\platforms\android\jclass\view.py
   Compressing: C:\tmp\theoverify\dist\THEOLOGICUS\_internal\webview\platforms\android\jclass\webkit.py
   Compressing: C:\tmp\theoverify\dist\THEOLOGICUS\_internal\webview\platforms\android\jclass\__init__.py
   Compressing: C:\tmp\theoverify\dist\THEOLOGICUS\_internal\webview\platforms\android\jinterface\pywebview.py
   Compressing: C:\tmp\theoverify\dist\THEOLOGICUS\_internal\webview\platforms\android\jinterface\view.py
   Compressing: C:\tmp\theoverify\dist\THEOLOGICUS\_internal\webview\platforms\android\jinterface\webkit.py
   Compressing: C:\tmp\theoverify\dist\THEOLOGICUS\_internal\webview\platforms\android\jinterface\__init__.py
   Compressing: C:\tmp\theoverify\dist\THEOLOGICUS\_internal\webview\__pyinstaller\hook-webview.py
   Compressing: C:\tmp\theoverify\dist\THEOLOGICUS\_internal\webview\__pyinstaller\__init__.py
   Compressing Setup program executable
   Updating version info (Setup.exe)
   Updating manifest (Setup.exe)


Successful compile (80.859 sec). Resulting Setup program filename is:
C:\tmp\theoverify\dist\THEOLOGICUS-Setup-x64.exe
